MANDT,LIFNR,EKORG,SPERM,LOEVM,VENSL,BSTAE
100,0000001757,2000,,,,0003
100,0000001194,3000,,,,0003
100,0000000441,4000,,,,0001
100,0000001648,3000,,,,
100,0000001581,4000,,,,0001
100,0000001204,5000,,,,0003
100,0000000606,4000,,,,0001
100,0000001142,4000,,,,0003
100,0000000886,1000,,,,0001
100,0000001312,5000,,,,0001
100,0000000483,4000,,X,,0001
100,0000000260,1000,,,,0002
100,0000001677,5000,,,,0001
100,0000000343,4000,,,,
100,0000000897,5000,,X,,
100,0000000396,2000,,X,,0001
100,0000001658,2000,,,,0003
100,0000000778,1000,,,,0002
100,0000000641,3000,,,,0002
100,0000001682,2000,,,,
100,0000001454,1000,,,,0001
100,0000001164,3000,,,,
100,0000001617,1000,,,,0001
100,0000001324,2000,,,,0001
100,0000000620,2000,,,,0002
100,0000000899,3000,,,,0001
100,0000000599,1000,,,,0002
100,0000001112,2000,,X,,0001
100,0000001499,1000,,,,0003
100,0000000275,3000,,,,0003
100,0000000615,3000,,,,0003
100,0000001272,1000,,,,0001
100,0000001036,3000,,,,0003
100,0000001483,3000,,,,0003
100,0000001240,1000,,,,
100,0000001887,3000,,,,0003
100,0000000152,4000,,,,0001
100,0000001039,3000,,,,0001
100,0000000609,3000,,,,0001
100,0000000637,1000,,,,0002
100,0000001790,2000,,,,0001
100,0000000491,1000,,,,0001
100,0000001961,2000,,,,
100,0000001639,5000,,,,0003
100,0000000304,4000,,,,0002
100,0000001582,2000,,,,
100,0000000133,2000,,,,0003
100,0000001234,5000,,,,0002
100,0000000735,5000,,,,0001
100,0000000425,3000,,,,
100,0000000766,4000,,,,0001
100,0000000027,1000,,,,0002
100,0000000528,5000,,,,0002
100,0000000987,3000,,,,0002
100,0000001595,4000,,,,0001
100,0000000384,3000,,,,0001
100,0000001829,3000,,,,
100,0000000069,5000,,,,0002
100,0000000687,1000,,,,0001
100,0000000334,3000,,,,
100,0000001973,2000,,,,0003
100,0000001229,1000,,,,
100,0000001840,4000,,,,0002
100,0000000645,2000,,,,
100,0000001701,1000,,,,
100,0000001609,1000,,,,0002
100,0000001609,4000,,,,
100,0000000516,2000,,,,0001
100,0000001233,2000,,,,0001
100,0000000773,1000,,,,0001
100,0000000256,4000,,,,0003
100,0000001364,2000,,,,0002
100,0000000864,3000,,,,0003
100,0000000219,1000,,,,0003
100,0000000197,4000,,,,
100,0000001065,2000,,,,0003
100,0000000564,1000,,,,0002
100,0000000417,1000,,,,0002
100,0000000183,2000,,,,0001
100,0000001057,5000,,,,0002
100,0000000331,4000,,,,0001
100,0000001423,3000,,,,
100,0000000222,2000,,,,0003
100,0000000683,1000,,,,
100,0000000440,1000,,,,0002
100,0000001935,2000,,X,,0003
100,0000000720,1000,,,,0003
100,0000001015,2000,,,,0002
100,0000001446,1000,,,,0001
100,0000001141,4000,,,,0002
100,0000000664,2000,,,,0002
100,0000001135,4000,,,,0001
100,0000000587,3000,,,,0002
100,0000001019,3000,,,,0001
100,0000000520,4000,,,,0002
100,0000000932,3000,,,,0003
100,0000001223,2000,,,,0001
100,0000001235,4000,,,,0002
100,0000000357,1000,,,,
100,0000000119,1000,,,,0001
100,0000000950,4000,,,,0002
100,0000001274,3000,,,,0002
100,0000001844,3000,,,,0001
100,0000000032,4000,,,,0001
100,0000001391,3000,,,,0002
100,0000001949,4000,,,,0002
100,0000000223,4000,,,,0003
100,0000000983,3000,,,,0002
100,0000001501,4000,,,,0003
100,0000001427,3000,,,,0003
100,0000000384,2000,,,,
100,0000001302,2000,,,,0001
100,0000000669,5000,,,,
100,0000000269,2000,,,,0003
100,0000000252,3000,,,,0002
100,0000000834,3000,,,,0002
100,0000000636,3000,,,,0001
100,0000001886,4000,,,,0001
100,0000001569,2000,,,,0001
100,0000000824,3000,,,,
100,0000001280,4000,,,,
100,0000000444,1000,,,,
100,0000001453,2000,,,,
100,0000000922,3000,,,,0003
100,0000001406,1000,,,,0003
100,0000000084,5000,,,,0001
100,0000001097,4000,,,,
100,0000000637,3000,,,,0001
100,0000001349,2000,,,,0001
100,0000000147,4000,,,,
100,0000001529,4000,,,,0002
100,0000000086,1000,,,,0003
100,0000000200,4000,,,,
100,0000001697,4000,,,,
100,0000000969,2000,,,,0001
100,0000000743,3000,,,,0002
100,0000001246,2000,,,,
100,0000001487,4000,,,,
100,0000001548,5000,,,,
100,0000000680,1000,,,,0002
100,0000000774,2000,,,,0003
100,0000000067,1000,,,,0002
100,0000001123,2000,,,,0002
100,0000001851,1000,,,,0003
100,0000001317,1000,,,,0002
100,0000001904,4000,,,,
100,0000001180,5000,,,,0003
100,0000001573,4000,,,,
100,0000001228,4000,,,,
100,0000000018,4000,,,,0002
100,0000000817,4000,,,,0002
100,0000000085,5000,,,,0001
100,0000000295,4000,,,,0001
100,0000001583,5000,,,,0002
100,0000001093,5000,,,,
100,0000001074,4000,,,,0002
100,0000000060,4000,,,,0003
100,0000001613,2000,,,,0001
100,0000001326,1000,,,,
100,0000001977,1000,,,,0003
100,0000001068,4000,,X,,0002
100,0000001377,2000,,,,0002
100,0000001597,4000,,,,
100,0000001170,1000,,,,0002
100,0000001615,4000,,,,0001
100,0000000578,2000,,,,
100,0000000374,1000,,,,0003
100,0000000512,3000,,,,0002
100,0000001531,4000,,,,0002
100,0000001460,1000,,,,0002
100,0000000078,2000,,,,0001
100,0000001328,4000,,,,0002
100,0000001198,1000,,,,0002
100,0000001746,3000,,,,0002
100,0000001038,2000,,,,0001
100,0000001320,2000,,,,0002
100,0000001917,1000,,,,
100,0000001432,3000,,,,0002
100,0000000632,5000,,,,0003
100,0000000812,1000,,,,
100,0000001196,5000,,,,
100,0000000893,4000,,,,0003
100,0000000052,1000,,,,0002
100,0000001245,2000,,,,
100,0000000178,5000,,,,0002
100,0000001882,2000,,,,0002
100,0000001762,2000,,,,0002
100,0000000208,1000,,,,0002
100,0000001705,2000,,,,0001
100,0000001970,2000,,,,0003
100,0000000956,2000,,,,0003
100,0000000291,3000,,,,
100,0000000574,1000,,,,0003
100,0000001300,1000,,,,0002
100,0000000307,5000,,,,0001
100,0000000561,1000,,,,0003
100,0000000089,1000,,,,0003
100,0000000538,5000,,,,
100,0000000545,4000,,,,
100,0000001227,5000,,,,0002
100,0000001597,1000,,,,0002
100,0000001772,1000,,,,0003
100,0000001389,5000,,,,0003
100,0000000150,1000,,,,0001
100,0000001958,5000,,,,0001
100,0000000651,4000,,,,0002
100,0000000546,3000,,,,0003
100,0000001921,3000,,,,0002
100,0000000208,3000,,,,0001
100,0000000531,3000,,,,0001
100,0000000382,3000,,,,0003
100,0000000303,4000,,,,0003
100,0000001699,3000,,X,,0002
100,0000001736,1000,,,,0001
100,0000001197,2000,,,,0003
100,0000000007,1000,,,,0001
100,0000000887,3000,,,,0003
100,0000000777,5000,,,,0003
100,0000001053,5000,,,,0001
100,0000001813,4000,,,,
100,0000000978,1000,,,,
100,0000001032,3000,,,,
100,0000001550,4000,,,,
100,0000000638,4000,,,,0002
100,0000001313,4000,,,,
100,0000000654,3000,,,,0001
100,0000001766,4000,,,,
100,0000000648,5000,,,,0003
100,0000001093,4000,,,,0001
100,0000000065,5000,,,,0002
100,0000000199,1000,,,,0001
100,0000000160,2000,,,,0001
100,0000001441,4000,,,,0002
100,0000001381,5000,,,,0001
100,0000000620,1000,,,,0003
100,0000001000,2000,,,,
100,0000000795,3000,,,,0001
100,0000001530,5000,,,,0001
100,0000000094,5000,,,,
100,0000001111,2000,,,,0001
100,0000001763,4000,,,,0003
100,0000001873,1000,,,,
100,0000000530,3000,,,,0002
100,0000000749,5000,,,,0001
100,0000000445,4000,,,,0003
100,0000000310,5000,,,,0002
100,0000000944,5000,,,,
100,0000001772,2000,,,,0003
100,0000000302,3000,,,,0003
100,0000001259,2000,,,,0002
100,0000001181,4000,,,,0001
100,0000000462,3000,,,,0003
100,0000000378,3000,,,,0003
100,0000000311,4000,,,,0003
100,0000000539,4000,,,,0002
100,0000001024,1000,,,,0001
100,0000001244,1000,,,,0001
100,0000000841,3000,,,,0001
100,0000000935,1000,,,,0001
100,0000001058,3000,,,,0003
100,0000001608,4000,,,,0003
100,0000000943,5000,,,,0002
100,0000000811,2000,,,,0003
100,0000001752,4000,,,,
100,0000000378,2000,,,,0001
100,0000000222,4000,,,,
100,0000001034,5000,,,,0002
100,0000000189,1000,,,,0003
100,0000001346,3000,,,,0002
100,0000000268,4000,,,,
100,0000000854,4000,,,,
100,0000000050,1000,,,,0001
100,0000001954,4000,,,,0002
100,0000000879,1000,,,,0001
100,0000001568,3000,,,,0002
100,0000000737,1000,,,,0002
100,0000000187,3000,,,,
100,0000000687,1000,,,,0001
100,0000001889,2000,,,,0003
100,0000001650,2000,,,,
100,0000000089,4000,,,,
100,0000001618,3000,,,,0002
100,0000000439,4000,,,,0001
100,0000000124,5000,,X,,
100,0000000213,1000,,,,0003
100,0000000657,5000,,,,0003
100,0000000120,2000,,,,0001
100,0000001477,3000,,X,,0002
100,0000000733,5000,,,,
100,0000001554,3000,,,,0002
100,0000001871,4000,,,,0003
100,0000000740,3000,,,,0002
100,0000000926,1000,,,,
100,0000001692,5000,,,,0003
100,0000001940,3000,,,,0002
100,0000000442,2000,,,,0002
100,0000001274,2000,,,,
100,0000001570,1000,,,,0003
100,0000000770,1000,,,,
100,0000001489,1000,,,,
100,0000000666,2000,,,,0001
100,0000000327,5000,,,,
100,0000001951,5000,,,,0003
100,0000001495,2000,,,,0001
100,0000001613,2000,,,,
100,0000001628,5000,,,,0001
100,0000000085,1000,,,,
100,0000000065,1000,,,,0002
100,0000000099,4000,,,,
100,0000000320,1000,,,,0002
100,0000000561,2000,,,,0002
100,0000000874,4000,,,,0001
100,0000001601,1000,,,,0001
100,0000001423,3000,,,,
100,0000000827,5000,,,,
100,0000001671,4000,,X,,0003
100,0000000850,4000,,,,0003
100,0000000265,2000,,,,0003
100,0000000249,3000,,,,0001
100,0000000344,5000,,,,
100,0000000745,4000,,,,0001
100,0000001272,5000,,,,
100,0000000097,1000,,,,0002
100,0000001308,1000,,,,
100,0000001361,2000,,,,0003
100,0000000413,3000,,,,
100,0000000994,1000,,,,0003
100,0000001230,4000,,,,
100,0000000973,3000,,,,
100,0000000533,3000,,,,0002
100,0000000174,1000,,,,0002
100,0000000060,1000,,,,0003
100,0000000786,2000,,,,0003
100,0000000245,2000,,,,0003
100,0000000374,5000,,,,
100,0000001107,5000,,,,
100,0000001741,4000,,,,0003
100,0000001678,3000,,,,0003
200,0000001924,2000,,,,0003
100,0000000340,5000,,,,0002
100,0000001990,2000,,,,0003
100,0000000307,1000,,,,0001
100,0000000249,3000,,,,0001
100,0000000453,5000,,,,0001
100,0000001230,3000,,,,0001
100,0000001564,5000,,,,0003
100,0000000078,3000,,,,0002
100,0000000153,4000,,,,0001
100,0000001957,3000,,,,0001
100,0000001802,4000,,,,
100,0000000551,2000,,,,0003
100,0000001467,2000,,,,0002
100,0000001811,3000,,X,,0001
100,0000001772,1000,,,,0002
100,0000000957,1000,,,,0003
100,0000001670,4000,,,,
100,0000001719,1000,,,,
100,0000000042,3000,,,,
100,0000000812,5000,,,,0002
100,0000000654,3000,,,,0002
100,0000001381,3000,,X,,0001
100,0000001290,4000,,,,
100,0000000333,1000,,,,
100,0000001084,3000,,,,
100,0000000651,4000,,,,0003
100,0000001831,4000,,,,0001
100,0000000130,5000,,,,0001
100,0000000004,3000,,,,0001
100,0000000328,3000,,,,0002
100,0000000206,5000,,,,0002
100,0000000249,5000,,,,0003
100,0000001420,1000,,,,0002
100,0000001038,4000,,,,0001
100,0000000251,3000,,,,0003
100,0000000945,4000,,,,
100,0000000970,1000,,,,0001
100,0000001107,2000,,,,0002
100,0000001431,2000,,,,0003
100,0000001399,3000,,,,0001
100,0000001357,1000,,,,
100,0000001650,3000,,,,0003
100,0000000040,5000,,,,
100,0000000483,3000,,,,0002
100,0000001312,3000,,,,
100,0000000272,5000,,,,0001
100,0000001536,5000,,,,0003
100,0000001901,4000,,,,0003
100,0000000589,2000,,,,
100,0000001599,5000,,,,0001
100,0000001808,2000,,,,0003
100,0000001630,1000,,,,
100,0000001564,4000,,,,
100,0000000028,1000,,,,0001
100,0000001908,5000,,,,0001
100,0000001622,3000,,,,0003
100,0000000012,2000,,,,
100,0000000565,2000,,,,
100,0000001924,5000,,,,0002
100,0000001216,3000,,,,0003
100,0000000437,1000,,,,0001
100,0000001010,3000,,,,0003
100,0000000477,1000,,,,0001
100,0000000734,2000,,,,
100,0000001248,1000,,,,0001
100,0000001279,3000,,,,
100,0000001794,3000,,,,
100,0000002000,1000,,,,
100,0000000957,5000,,,,0001
100,0000001736,4000,,,,0001
100,0000000508,1000,,,,0003
100,0000000989,5000,,,,0003
100,0000000425,2000,,,,
100,0000000989,4000,,,,0002
100,0000000275,3000,,,,0001
100,0000000792,3000,,,,0001
100,0000001355,5000,,,,
100,0000001790,2000,,,,0001
100,0000001977,5000,,,,0003
100,0000000239,5000,,,,0003
100,0000001225,2000,,,,0001
100,0000000349,2000,,,,
100,0000000117,5000,,,,0003
100,0000000995,5000,,,,0002
100,0000000087,4000,,,,
100,0000001744,5000,,,,0002
100,0000001918,2000,,,,0002
100,0000001544,5000,,,,0002
100,0000001041,5000,,,,0002
100,0000000026,3000,,,,0001
100,0000001885,2000,,,,0003
100,0000000525,5000,,,,
100,0000001976,5000,,,,0002
100,0000000296,4000,,,,
100,0000000395,3000,,,,0001
100,0000000635,5000,,,,0003
100,0000001841,2000,,,,0002
100,0000001900,2000,,,,0002
100,0000000992,1000,,,,0002
100,0000000043,3000,,,,0002
100,0000000674,1000,,,,0002
100,0000001617,4000,,,,0003
100,0000001348,2000,,,,0003
100,0000001775,5000,,,,0003
100,0000001400,1000,,,,
100,0000000064,1000,,,,0003
100,0000000726,2000,,,,0001
100,0000001008,5000,,,,0001
100,0000001557,5000,,,,0002
100,0000001231,2000,,,,
100,0000000346,3000,,,,0002
100,0000001354,2000,,,,0002
100,0000000136,4000,,,,0003
100,0000000391,1000,,,,0003
100,0000001347,4000,,,,0001
100,0000001083,3000,,,,0002
100,0000001732,1000,,,,0003
100,0000001729,4000,,,,
100,0000000101,4000,,,,0003
100,0000001166,1000,,,,
100,0000000326,2000,,,,0002
100,0000001574,1000,,,,0003
100,0000001754,1000,,,,
100,0000001989,4000,,,,0003
100,0000000003,3000,,,,0002
100,0000000194,3000,,,,0002
100,0000001462,2000,,,,0002
100,0000000136,2000,,,,
100,0000000307,4000,,,,0001
100,0000000345,4000,,,,0001
100,0000001308,4000,,,,0003
100,0000000637,3000,,,,0003
100,0000000545,3000,,,,0002
100,0000001285,4000,,,,
100,0000000219,5000,,,,0001
100,0000001646,1000,,,,0003
100,0000000872,3000,,,,0003
100,0000000091,5000,,,,0002
100,0000000241,2000,,,,
100,0000001028,5000,,,,0002
100,0000001945,1000,,,,0003
100,0000000627,4000,,,,0001
100,0000000954,1000,,,,0003
100,0000000860,3000,,,,0002
100,0000000517,4000,,,,
100,0000001739,2000,,X,,0002
100,0000001975,2000,,,,
200,0000000580,4000,,,,0002
100,0000001164,1000,,,,
100,0000000920,3000,,,,0003
100,0000000354,4000,,,,0001
100,0000000498,2000,,,,0003
100,0000001743,3000,,,,0002
100,0000000625,1000,,,,0003
100,0000001112,5000,,,,
100,0000001152,1000,,,,0003
100,0000001355,4000,,,,
100,0000000598,1000,,,,0001
100,0000001498,2000,,,,0001
100,0000001501,5000,,,,0003
100,0000001871,2000,,,,0003
100,0000000746,1000,,,,0001
100,0000000578,2000,,,,0001
100,0000000124,1000,,,,0001
100,0000000920,5000,,,,
100,0000000206,1000,,,,
100,0000000005,2000,,,,0002
100,0000000104,4000,,,,0003
100,0000001567,2000,,,,0001
100,0000001519,5000,,,,0001
100,0000000175,2000,,,,
100,0000000519,1000,,,,0002
100,0000001335,3000,,,,0003
100,0000000470,2000,,,,0003
100,0000000177,5000,,,,0003
100,0000001125,5000,,,,0002
100,0000000211,1000,,,,0002
100,0000001084,4000,,,,0001
100,0000000838,2000,,,,
100,0000000445,4000,,,,0001
100,0000000291,2000,,,,0002
100,0000001709,4000,,,,0002
100,0000001254,5000,,,,0001
100,0000001089,1000,,,,0001
100,0000000673,2000,,,,0003
100,0000001716,5000,,,,0001
100,0000000333,4000,,,,0001
100,0000001396,4000,,,,0003
100,0000001193,5000,,,,
100,0000000296,2000,,,,0003
100,0000001699,2000,,,,0001
100,0000001764,4000,,,,0003
100,0000001355,4000,,,,0001
100,0000000642,4000,,,,0001
100,0000001658,5000,,,,0003
100,0000000550,2000,,,,0003
100,0000001775,5000,,,,0001
100,0000000395,5000,,,,0003
100,0000001766,3000,,,,
100,0000000011,4000,,,,0002
100,0000000347,2000,,,,0003
100,0000001218,2000,,,,0001
100,0000000114,3000,,,,
100,0000000332,4000,,,,0002
100,0000000274,5000,,,,0003
100,0000000443,2000,,,,0001
100,0000001889,4000,,,,0003
100,0000000932,2000,,,,0002
100,0000000234,5000,,,,
100,0000000349,4000,,,,0003
100,0000000779,1000,,,,
100,0000001547,3000,,,,0002
100,0000001436,4000,,,,
100,0000001335,1000,,,,0001
100,0000000697,5000,,,,0001
100,0000000325,1000,,,,0003
100,0000000202,4000,,,,
100,0000000183,1000,,,,0002
100,0000001236,1000,,,,
100,0000001253,2000,,,,0001
100,0000001498,2000,,,,
100,0000000732,5000,,,,0002
100,0000000171,5000,,,,
100,0000001651,3000,,,,0003
100,0000000855,1000,,,,0001
100,0000001601,4000,,,,0001
100,0000001885,4000,,,,0001
100,0000000640,3000,,,,
100,0000000053,3000,,,,0003
100,0000001613,2000,,,,0003
100,0000000580,5000,,,,
100,0000000728,5000,,,,0002
100,0000001025,3000,,,,
100,0000000357,3000,,,,0002
100,0000001427,3000,,,,0002
100,0000001891,5000,,,,0001
100,0000000867,2000,,,,0002
100,0000001663,5000,,,,0003
100,0000001760,2000,,,,0002
100,0000000467,3000,,,,
100,0000001351,1000,,,,0003
100,0000001542,3000,,,,0002
100,0000001666,4000,,,,0001
100,0000000551,5000,,,,
100,0000001270,3000,,,,
100,0000000669,1000,,,,0001
100,0000000365,3000,,,,0001
100,0000001552,2000,,,,0003
100,0000001186,4000,,,,
100,0000001320,3000,,,,
100,0000001455,1000,,,,0001
100,0000001459,4000,,,,0001
100,0000001605,5000,,,,0003
100,0000001999,4000,,,,0003
100,0000000711,4000,,,,0001
100,0000001192,3000,,,,0002
100,0000001864,1000,,,,0003
100,0000000085,4000,,,,0003
100,0000001430,1000,,,,0002
100,0000000235,1000,,,,0002
100,0000000866,3000,,X,,0002
100,0000001256,5000,,,,0001
100,0000001899,1000,,,,0002
100,0000000205,5000,,X,,0003
100,0000001693,1000,,,,
100,0000000863,4000,,,,
100,0000001877,4000,,,,0002
100,0000001542,4000,,,,0002
100,0000000596,5000,,,,
100,0000000206,4000,,,,0001
100,0000000477,5000,,,,0001
100,0000001058,2000,,,,
100,0000000385,2000,,,,
100,0000000839,2000,,,,0002
100,0000000066,2000,,,,0001
100,0000001153,2000,,,,0001
100,0000001861,3000,,,,0002
100,0000000993,3000,,,,0002
100,0000001216,3000,,,,
100,0000001717,5000,,,,0001
100,0000000088,5000,,,,
100,0000000945,5000,,,,0001
100,0000000732,5000,,,,0003
100,0000000534,3000,,,,
100,0000000689,2000,,,,0002
100,0000001208,1000,,,,0003
100,0000001391,5000,,,,0002
100,0000001089,5000,,,,
100,0000001678,5000,,,,0001
100,0000001845,5000,,,,0002
100,0000001178,4000,,,,0003
100,0000001501,3000,,,,0002
100,0000000052,5000,,,,0003
100,0000000958,1000,,,,0002
100,0000000848,4000,,,,0003
100,0000001211,3000,,,,0001
100,0000001679,5000,,,,0003
100,0000001992,1000,,,,0001
100,0000000650,5000,,,,
100,0000000166,3000,,,,
100,0000000934,3000,,,,
100,0000000009,4000,,,,0002
100,0000001207,4000,,,,0002
100,0000001495,1000,,,,0003
100,0000001819,5000,,,,0002
100,0000000186,2000,,,,
100,0000000056,5000,,,,0002
100,0000001574,4000,,,,0001
100,0000000606,4000,,,,0003
100,0000001692,1000,,,,
100,0000000986,2000,,,,
100,0000001805,5000,,,,0001
100,0000001530,1000,,,,0001
100,0000000077,1000,,,,0003
100,0000000218,1000,,,,0003
100,0000000890,4000,,,,0002
100,0000000264,4000,,,,0001
100,0000001174,1000,,,,0001
100,0000001958,1000,,,,0001
100,0000001048,5000,,,,0002
100,0000000907,1000,,,,0002
100,0000000024,3000,,,,0003
100,0000000581,5000,,,,
100,0000000803,5000,,,,0001
100,0000001209,5000,,,,0002
100,0000000843,4000,,,,
100,0000000667,4000,,,,
100,0000001693,2000,,X,,0003
100,0000000445,4000,,,,0003
100,0000001242,1000,,,,0003
100,0000000848,3000,,,,0001
100,0000001413,3000,,,,0002
100,0000001508,4000,,,,0002
100,0000001719,2000,,,,
100,0000000631,1000,,,,0002
100,0000000536,4000,,,,0003
100,0000001752,5000,,,,0003
100,0000000916,1000,,,,
100,0000001585,1000,,,,0001
100,0000001733,2000,,,,0003
100,0000000543,5000,,,,0003
100,0000001375,3000,,,,0002
100,0000001163,1000,,,,0002
100,0000000433,1000,,,,0001
100,0000000747,5000,,,,0001
100,0000001385,2000,,,,0001
100,0000001836,5000,,,,0001
100,0000000350,3000,,,,0002
100,0000001560,3000,,,,0003
100,0000001774,5000,,,,0003
100,0000001594,4000,,,,
100,0000001828,3000,,,,0003
100,0000001820,2000,,,,0001
100,0000000716,1000,,,,0003
100,0000001723,4000,,,,0003
100,0000000589,3000,,,,0002
100,0000000126,1000,,,,0003
100,0000000284,5000,,,,0001
100,0000000301,3000,,,,0003
100,0000001893,4000,,,,
100,0000001770,5000,,,,0001
100,0000001198,1000,,,,0001
100,0000001663,5000,,,,
100,0000000111,4000,,,,0003
100,0000001861,2000,,,,
100,0000001260,2000,,,,
100,0000001607,2000,,,,
100,0000001608,4000,,,,0001
100,0000000746,2000,,,,0003
100,0000001894,4000,,,,0003
100,0000001158,1000,,,,0003
100,0000001451,5000,,,,
100,0000001965,4000,,,,0002
100,0000000005,3000,,,,0003
100,0000000228,3000,,,,0002
100,0000000062,5000,,,,0002
100,0000001442,1000,,,,0001
100,0000001640,4000,,,,0002
100,0000000875,2000,,,,0001
100,0000001957,1000,,,,
100,0000000834,5000,,,,0001
100,0000001406,1000,,,,0003
100,0000001095,4000,,,,0002
100,0000000128,5000,,,,0001
100,0000001269,4000,,,,0003
100,0000000171,1000,,,,0003
100,0000001004,3000,,,,0002
100,0000000488,5000,,,,
100,0000001681,2000,,,,0003
100,0000001191,1000,,,,0001
100,0000000076,4000,,,,
100,0000000775,2000,,,,0001
100,0000000282,1000,,,,0003
100,0000001256,4000,,,,0001
100,0000000553,5000,,,,0002
100,0000001049,4000,,,,
100,0000000729,5000,,,,0002
100,0000000771,2000,,,,0001
100,0000000852,2000,,,,
100,0000001714,5000,,,,0002
100,0000000202,2000,,,,0003
100,0000000491,1000,,,,
100,0000000883,5000,,,,0002
100,0000000833,4000,,,,0001
100,0000000148,4000,,,,0003
100,0000000826,5000,,,,
100,0000000180,2000,,,,
100,0000001115,4000,,,,
100,0000000716,4000,,,,0002
100,0000001378,4000,,,,0002
100,0000001920,2000,,,,0001
100,0000000216,4000,,,,0002
100,0000000812,4000,,,,0002
100,0000000356,3000,,,,
100,0000001196,2000,,,,0002
100,0000000088,4000,,,,0002
100,0000000753,4000,,,,0003
100,0000000455,5000,,,,
100,0000000734,3000,,,,0001
100,0000000196,1000,,,,0003
100,0000000552,5000,,,,0003
100,0000001332,1000,,,,0003
100,0000001870,2000,,,,0002
100,0000001965,4000,,,,0002
100,0000001603,3000,,,,
100,0000000807,1000,,,,0002
100,0000000667,4000,,,,
100,0000000950,4000,,,,
100,0000001296,2000,,,,0003
100,0000000813,4000,,,,0003
100,0000000080,1000,,,,0001
100,0000001370,2000,,,,0003
100,0000000498,4000,,,,0003
100,0000001471,1000,,,,0001
100,0000000544,3000,,,,0002
100,0000001627,2000,,,,0003
100,0000001139,2000,,,,
100,0000000980,1000,,,,0002
100,0000000289,5000,,,,0003
100,0000001841,3000,,,,
100,0000001891,2000,,,,0001
100,0000000358,1000,,,,0003
100,0000000822,5000,,,,0001
100,0000000151,5000,,,,0003
100,0000001107,4000,,,,0003
100,0000000182,4000,,,,0001
100,0000001434,2000,,,,
100,0000000518,4000,,,,0001
100,0000000100,3000,,,,0002
100,0000000539,2000,,,,0002
100,0000001773,1000,,,,0002
100,0000000825,5000,,,,0002
100,0000001122,1000,,,,
100,0000001542,4000,,,,0002
100,0000000241,5000,,,,0002
100,0000000498,2000,,,,0003
100,0000001402,4000,,,,
100,0000000586,2000,,,,
100,0000000438,3000,,,,0001
100,0000000497,5000,,,,0003
100,0000001333,4000,,,,0002
100,0000000726,3000,,,,0002
100,0000000159,5000,,,,0001
100,0000001868,4000,,,,0001
100,0000001771,3000,,,,0003
100,0000001678,5000,,,,
100,0000001391,2000,,,,
100,0000000545,4000,,,,0001
100,0000001186,3000,,,,
100,0000000717,1000,,,,0002
100,0000001762,3000,,,,0002
100,0000000479,3000,,,,0003
100,0000000836,2000,,,,
100,0000001874,4000,,,,
100,0000000024,1000,,,,0002
100,0000000634,3000,,X,,0001
100,0000000045,3000,,,,0003
100,0000001849,2000,,,,0003
100,0000000850,4000,,,,0003
100,0000000393,2000,,,,0002
100,0000000020,1000,,,,
100,0000000317,2000,,,,0001
100,0000000506,1000,,,,0002
100,0000001474,1000,,,,0001
100,0000001016,5000,,,,0002
100,0000001220,2000,,,,0002
100,0000000760,2000,,,,0001
100,0000000200,5000,,,,0001
100,0000000859,3000,,,,0003
100,0000000116,4000,,,,0001
100,0000001699,1000,,,,0002
100,0000001668,1000,,,,0002
100,0000000337,2000,,,,0001
100,0000001114,5000,,,,0001
100,0000000302,4000,,,,0003
100,0000000277,4000,,,,0003
100,0000001587,1000,,,,0001
100,0000001545,4000,,,,0003
100,0000000279,3000,,,,0002
100,0000000065,2000,,,,0002
100,0000000703,3000,,X,,
100,0000000482,3000,,,,
100,0000001118,5000,,,,0001
100,0000000994,1000,,,,0002
100,0000001729,4000,,,,0001
100,0000001532,5000,,,,0002
100,0000000849,1000,,,,0003
100,0000000117,1000,,,,0001
100,0000000852,5000,,,,0003
100,0000001628,2000,,,,0001
100,0000000889,3000,,,,0001
100,0000001045,5000,,,,
100,0000000212,3000,,,,0002
100,0000000735,2000,,,,0002
100,0000000143,1000,,,,
100,0000000617,4000,,,,0002
100,0000001655,4000,,,,
100,0000000391,1000,,,,
100,0000001866,1000,,,,0001
100,0000000988,4000,,,,
100,0000000838,2000,,,,0002
100,0000001709,3000,,,,
100,0000000072,3000,,,,
100,0000000101,5000,,,,0001
100,0000001967,3000,,,,0001
100,0000001429,3000,,,,0002
100,0000000642,2000,,,,0002
100,0000000773,3000,,,,
100,0000001485,5000,,,,0002
100,0000000564,1000,,,,0001
100,0000000686,5000,,,,0002
100,0000001797,1000,,X,,
100,0000000336,4000,,,,0003
100,0000000943,3000,,,,0002
100,0000001607,1000,,,,0001
100,0000000969,1000,,,,0001
100,0000000411,2000,,,,0003
100,0000000152,4000,,,,0001
100,0000001806,1000,,,,
100,0000001845,1000,,,,0003
100,0000000171,5000,,,,
100,0000001871,3000,,,,
100,0000001780,1000,,,,0001
100,0000001460,1000,,,,
100,0000000186,3000,,,,0003
100,0000001320,4000,,,,0001
100,0000001060,2000,,,,
100,0000000322,4000,,,,0002
100,0000001827,4000,,,,0001
100,0000000536,1000,,,,0002
100,0000001457,2000,,,,0001
100,0000000140,5000,,,,0003
100,0000001231,4000,,,,0003
100,0000001258,4000,,,,0001
100,0000001534,5000,,,,0002
100,0000000891,5000,,,,0003
100,0000001607,5000,,,,0001
100,0000000712,1000,,,,0002
100,0000000989,1000,,,,0003
100,0000001301,4000,,,,0002
100,0000001036,1000,,X,,
100,0000000739,1000,,,,0001
100,0000001299,5000,,,,0003
100,0000001922,5000,,,,0003
100,0000000856,2000,,,,0003
100,0000001642,2000,,,,0002
100,0000000931,4000,,,,0001
100,0000001592,5000,,,,
100,0000001195,1000,,,,0002
100,0000001368,4000,,,,0003
100,0000000347,1000,,,,0002
100,0000001335,5000,,,,
100,0000001581,2000,,,,
100,0000000117,5000,,,,0002
100,0000001485,4000,,,,
100,0000001465,2000,,,,0002
100,0000001586,1000,,,,0003
100,0000000464,2000,,,,
100,0000000987,4000,,,,0003
100,0000001879,3000,,,,0001
100,0000001344,1000,,,,0002
100,0000000160,5000,,,,
100,0000000914,3000,,,,0002
100,0000001188,1000,,,,0003
100,0000001573,3000,,,,
100,0000000612,2000,,,,0003
100,0000000390,2000,,,,0003
100,0000000699,2000,,,,0001
100,0000001266,3000,,,,
100,0000000028,3000,,X,,0003
100,0000000930,1000,,,,
100,0000001225,2000,,,,0003
100,0000001233,3000,,,,0002
100,0000001558,3000,,,,0001
100,0000000790,4000,,,,0001
100,0000000296,5000,,,,
100,0000001224,5000,,,,
100,0000001508,1000,,,,0002
100,0000000263,1000,,,,0001
100,0000000492,2000,,,,
100,0000000308,2000,,,,0002
100,0000001237,2000,,,,0002
100,0000001093,2000,,,,0003
100,0000001117,4000,,,,0001
100,0000000287,5000,,,,0003
100,0000000099,2000,,,,0003
100,0000001519,2000,,,,0003
100,0000001198,4000,,,,0003
100,0000001077,1000,,,,0003
100,0000000465,2000,,,,
100,0000001009,1000,,,,
100,0000001307,2000,,,,0002
100,0000000945,5000,,,,0001
100,0000001534,5000,,,,
100,0000001330,5000,,,,0001
100,0000001644,2000,,,,0001
100,0000001836,5000,,,,
100,0000001230,5000,,,,
100,0000001819,5000,,,,
100,0000000363,1000,,,,
100,0000001720,1000,,,,
100,0000001824,2000,,,,0003
100,0000000553,3000,,,,
100,0000001116,5000,,,,0003
100,0000001068,4000,,,,
100,0000000096,4000,,,,0003
100,0000001843,3000,,,,0003
100,0000000814,1000,,,,
100,0000001912,5000,,,,
100,0000001545,3000,,,,0003
100,0000001490,1000,,,,0001
100,0000001998,4000,,,,0002
100,0000000506,5000,,,,0003
100,0000000120,3000,,,,
100,0000001103,1000,,,,0002
100,0000001366,5000,,,,0002
100,0000000781,5000,,,,0001
100,0000000931,5000,,,,0003
100,0000001745,3000,,,,0001
100,0000000566,2000,,,,
100,0000001573,5000,,,,0001
100,0000001619,4000,,,,0002
100,0000001260,4000,,,,0002
100,0000001142,2000,,,,0001
100,0000000662,1000,,,,0001
100,0000000593,4000,,,,0003
100,0000000516,1000,,,,0001
100,0000001753,1000,,,,0003
100,0000001561,5000,,,,
100,0000000551,4000,,,,0003
100,0000001353,5000,,,,0003
100,0000000993,5000,,,,0001
100,0000000218,2000,,,,0002
100,0000001750,5000,,,,0003
100,0000000741,3000,,,,0003
100,0000000694,3000,,,,0003
100,0000000657,5000,,,,0003
100,0000001199,2000,,,,0002
100,0000000269,2000,,,,0002
100,0000001938,4000,,,,
100,0000000534,5000,,,,
100,0000001423,1000,,,,0002
100,0000000636,1000,,,,0001
100,0000000962,3000,,,,0003
100,0000000643,5000,,,,0003
100,0000000256,2000,,,,0001
100,0000001906,3000,,,,0001
100,0000001087,3000,,,,
100,0000001112,3000,,,,
100,0000001747,4000,,,,0001
100,0000000361,3000,,,,0003
100,0000000129,3000,,,,0001
100,0000000293,2000,,,,0001
100,0000001015,3000,,,,0002
100,0000001538,1000,,,,
100,0000001601,4000,,,,0001
100,0000000400,4000,,,,0002
100,0000000627,4000,,,,
100,0000001157,4000,,,,0002
100,0000000042,3000,,,,0003
100,0000000316,2000,,,,
100,0000001234,4000,,X,,
100,0000000817,3000,,,,0002
100,0000000471,1000,,,,
100,0000000147,3000,,,,0002
100,0000001786,5000,,,,
100,0000001903,1000,,,,0002
100,0000000723,3000,,,,0002
100,0000001515,2000,,,,0001
100,0000000868,3000,,,,0003
100,0000000751,2000,,,,0002
100,0000001081,4000,,,,0001
100,0000000517,1000,,,,0002
100,0000000486,3000,,,,
100,0000001657,4000,,,,
100,0000001244,1000,,,,0003
100,0000000196,1000,,,,0001
100,0000000654,1000,,,,
100,0000001838,1000,,,,
100,0000001451,5000,,,,
100,0000001975,4000,,,,0003
100,0000001243,3000,,,,0002
100,0000000315,4000,,,,0003
100,0000000209,1000,,,,0002
100,0000000699,5000,,,,0002
100,0000001784,1000,,,,0003
100,0000000142,5000,,,,0002
100,0000001464,5000,,,,0003
100,0000001670,1000,,,,0002
100,0000000087,2000,,X,,0001
100,0000000435,2000,,,,
200,0000001868,3000,,,,0003
100,0000001262,3000,,,,
100,0000000309,1000,,,,
100,0000000226,3000,,,,
100,0000000737,1000,,,,0003
100,0000000833,4000,,,,
100,0000001640,1000,,,,
100,0000000897,3000,,,,0003
100,0000001029,1000,,,,
100,0000000952,2000,,,,0001
100,0000001256,1000,,,,0003
100,0000001345,1000,,,,0001
100,0000000586,5000,,,,
100,0000000322,2000,,X,,
100,0000000960,5000,,,,0003
100,0000001157,5000,,,,0001
100,0000001089,4000,,,,
100,0000000371,5000,,,,0003
100,0000001774,1000,,,,0001
100,0000000354,5000,,,,0003
100,0000001201,2000,,,,0002
100,0000000471,5000,,,,0002
100,0000000232,3000,,,,0003
100,0000001120,1000,,,,0003
100,0000000540,1000,,,,0001
100,0000000433,5000,,,,0002
100,0000000993,2000,,,,0001
100,0000001124,3000,,,,
100,0000001212,3000,,,,0003
100,0000000991,5000,,,,0003
100,0000000444,5000,,,,0001
100,0000000079,3000,,,,0001
100,0000001695,2000,,,,0003
100,0000001398,4000,,,,0002
100,0000001304,3000,,,,
100,0000000347,5000,,,,
100,0000000685,1000,,,,0002
100,0000001220,5000,,,,
100,0000001702,4000,,,,
100,0000000320,4000,,,,0002
100,0000000772,1000,,,,0003
100,0000000502,2000,,,,0002
100,0000000083,5000,,,,0003
100,0000000059,4000,,,,0002
100,0000001395,2000,,,,0002
100,0000001605,5000,,,,
100,0000000663,4000,,,,0003
100,0000000311,4000,,,,0001
100,0000001242,1000,,,,0001
100,0000000601,5000,,,,0001
100,0000000064,2000,,,,0002
100,0000000915,2000,,,,0003
100,0000001195,4000,,,,
100,0000001805,1000,,X,,0001
100,0000000033,5000,,,,0003
100,0000001094,5000,,,,0003
100,0000000463,1000,,,,
100,0000000661,2000,,,,0003
100,0000001071,2000,,,,0001
100,0000001620,4000,,,,
100,0000001326,5000,,,,0002
100,0000000216,3000,,,,0001
100,0000001543,2000,,,,0003
100,0000001804,4000,,,,0003
100,0000000655,4000,,,,
100,0000000538,2000,,,,
100,0000001705,1000,,,,0001
100,0000000359,5000,,,,0003
100,0000000303,5000,,,,0003
100,0000000416,4000,,,,0003
100,0000001282,5000,,,,0003
100,0000001676,1000,,,,0003
100,0000001329,2000,,,,0002
100,0000000734,3000,,,,0003
100,0000001128,1000,,,,0002
100,0000000269,1000,,,,0001
100,0000001600,1000,,,,0001
100,0000001508,2000,,,,0002
100,0000001127,4000,,,,0003
100,0000001841,2000,,,,0002
100,0000001539,5000,,,,
100,0000001493,5000,,,,
100,0000001014,3000,,,,0002
100,0000000565,2000,,,,
100,0000000457,1000,,,,0003
100,0000000081,5000,,,,0001
100,0000001328,2000,,,,
100,0000000544,4000,,,,0001
100,0000000057,2000,,,,0003
100,0000000465,4000,,,,
100,0000001634,4000,,,,0002
100,0000001847,1000,,,,0003
100,0000000066,2000,,,,0001
100,0000001881,2000,,,,0003
100,0000000932,1000,,,,0002
100,0000000137,4000,,,,0003
100,0000000539,3000,,,,0001
100,0000000789,4000,,,,0003
100,0000001806,4000,,,,0002
100,0000001089,1000,,,,0003
100,0000001163,3000,,,,0003
100,0000001466,2000,,,,0002
100,0000000555,1000,,,,
100,0000000627,3000,,,,
100,0000001743,3000,,,,
100,0000000955,1000,,,,0001
100,0000001196,2000,,,,
100,0000000205,2000,,,,0002
100,0000001284,2000,,,,0002
100,0000001153,3000,,,,0002
100,0000001414,2000,,,,0002
100,0000000643,3000,,,,0003
100,0000001507,3000,,,,0002
100,0000001341,2000,,,,0003
100,0000001077,1000,,,,0002
100,0000001568,1000,,,,0003
100,0000001919,1000,,,,0001
100,0000001766,2000,,,,0003
100,0000001895,2000,,,,0003
100,0000001594,1000,,,,
100,0000001763,3000,,,,
100,0000000493,1000,,,,0003
100,0000001836,2000,,,,0002
100,0000000650,4000,,,,0001
100,0000001039,3000,,,,0001
100,0000001526,2000,,,,0001
100,0000000419,4000,,,,0002
200,0000000895,1000,,,,0001
100,0000000463,1000,,,,0003
100,0000001862,4000,,,,0002
100,0000001428,2000,,,,0002
100,0000001520,1000,,,,
100,0000000234,1000,,,,0001
100,0000000758,1000,,,,0003
100,0000000338,5000,,,,
100,0000000896,1000,,,,0002
100,0000001830,1000,,,,0001
100,0000001325,1000,,,,0003
100,0000001237,2000,,,,
100,0000000762,5000,,,,
100,0000001629,2000,,,,0003
100,0000001837,1000,,,,0002
100,0000001098,5000,,,,0002
100,0000000384,4000,,,,0001
100,0000001443,3000,,,,0001
100,0000001042,2000,,,,0002
100,0000000054,2000,,,,0001
100,0000001062,4000,,,,0002
100,0000000602,3000,,,,0002
100,0000001110,5000,,,,
100,0000001478,5000,,,,
100,0000001395,2000,,,,0003
100,0000001145,2000,,,,0003
100,0000001121,2000,,,,0002
100,0000000690,5000,,,,
100,0000001672,1000,,,,0001
100,0000000954,4000,,,,0002
100,0000001953,3000,,,,0003
100,0000000586,1000,,,,0003
100,0000000668,5000,,,,0003
100,0000000531,2000,,,,0002
100,0000000041,3000,,X,,0001
100,0000001558,3000,,,,
100,0000001818,2000,,,,
100,0000001005,5000,,,,0001
100,0000001409,1000,,,,0001
100,0000000577,4000,,,,0003
100,0000001198,2000,,,,0002
100,0000001706,2000,,,,0001
100,0000000646,1000,,,,
100,0000000337,4000,,,,0001
100,0000001028,1000,,X,,0001
100,0000000900,4000,,,,
100,0000001479,4000,,,,0002
100,0000000082,1000,,,,0001
100,0000000632,1000,,,,0002
100,0000001503,4000,,,,0003
100,0000000576,5000,,,,
100,0000001217,2000,,,,0003
100,0000000850,3000,,,,0003
100,0000001262,5000,,,,
100,0000000070,3000,,,,0001
100,0000001234,1000,,,,
100,0000000775,2000,,,,0001
100,0000001268,4000,,,,0003
100,0000000746,3000,,,,
100,0000001742,4000,,,,
100,0000000253,4000,,,,0001
100,0000001491,2000,,,,0003
100,0000000783,3000,,,,0001
100,0000001323,5000,,,,0001
100,0000000384,4000,,,,
100,0000001562,5000,,,,0001
100,0000001633,2000,,,,0003
100,0000000140,5000,,,,0002
100,0000001979,5000,,,,0002
100,0000000116,1000,,,,0003
100,0000000556,1000,,,,0001
100,0000000145,3000,,,,
100,0000000485,5000,,,,0001
100,0000000377,1000,,,,0001
100,0000001918,5000,,,,
100,0000000908,3000,,,,0001
100,0000001243,1000,,,,0003
100,0000001665,1000,,,,0001
100,0000001364,3000,,,,0001
100,0000000854,4000,,,,0001
100,0000001419,3000,,,,
100,0000001604,3000,,,,0003
100,0000001796,4000,,,,0002
100,0000000772,4000,,,,0002
100,0000000516,5000,,,,
100,0000001089,1000,,,,0002
100,0000001670,3000,,,,0001
100,0000000629,5000,,,,0003
100,0000001506,4000,,,,0001
100,0000001041,1000,,,,0002
100,0000001485,3000,,,,
100,0000001726,4000,,,,0002
100,0000001169,5000,,,,0002
100,0000001927,4000,,,,
100,0000001206,1000,,,,
100,0000001285,1000,,,,
100,0000000695,5000,,,,0002
100,0000001474,1000,,,,0002
100,0000001360,5000,,,,0002
100,0000000835,5000,,,,0003
100,0000000412,1000,,,,0001
100,0000001007,4000,,,,0002
100,0000000235,1000,,,,0001
100,0000001806,4000,,,,0002
100,0000000949,1000,,,,
100,0000001425,2000,,,,
100,0000000148,2000,,,,0001
100,0000001513,4000,,X,,
100,0000001586,3000,,,,0001
100,0000001706,4000,,,,0001
100,0000000661,1000,,,,
100,0000000710,3000,,,,0001
100,0000000989,5000,,,,0003
100,0000000538,5000,,,,0001
100,0000001038,1000,,,,0001
100,0000000676,1000,,,,0003
100,0000000114,3000,,,,0001
100,0000000757,3000,,,,0001
100,0000000098,2000,,,,0003
100,0000000771,3000,,,,0002
100,0000001800,2000,,,,0003
100,0000001586,1000,,,,
100,0000000493,1000,,,,0002
100,0000001843,3000,,,,0001
100,0000000277,2000,,,,0001
100,0000000438,5000,,,,
100,0000001754,2000,,,,0003
100,0000000659,1000,,,,0001
100,0000000394,2000,,,,
100,0000001764,1000,,,,0002
100,0000001952,2000,,,,0002
100,0000001859,3000,,,,0002
100,0000001838,4000,,,,0003
100,0000000185,4000,,,,0001
100,0000001512,5000,,,,
100,0000001941,4000,,,,
100,0000000613,3000,,,,0001
100,0000001325,5000,,,,0001
200,0000000117,5000,,,,0003
100,0000000760,1000,,,,0001
100,0000001366,2000,,,,0002
100,0000001327,1000,,,,0003
100,0000001531,5000,,,,0001
100,0000000025,3000,,,,0003
100,0000000758,4000,,,,
100,0000000348,5000,,X,,0002
100,0000001692,5000,,,,0003
100,0000000887,4000,,,,0001
100,0000001230,4000,,,,0003
100,0000000740,3000,,,,
100,0000000826,5000,,,,0003
100,0000000903,5000,,,,0001
100,0000000372,3000,,,,0003
100,0000001023,3000,,,,0001
100,0000001289,3000,,,,
100,0000000412,5000,,,,0003
100,0000000775,4000,,,,0003
100,0000001620,2000,,,,0001
100,0000000486,5000,,,,0002
100,0000000253,4000,,,,0002
100,0000001004,1000,,,,0003
100,0000001642,5000,,,,0003
100,0000000432,4000,,,,0003
100,0000001676,5000,,,,0002
100,0000000495,4000,,,,
100,0000001054,5000,,,,0001
100,0000001215,3000,,,,
100,0000000680,2000,,,,
100,0000000995,3000,,,,0001
100,0000000081,5000,,,,0002
100,0000000778,3000,,,,0001
100,0000001018,2000,,,,
100,0000001771,1000,,,,0001
100,0000000183,4000,,,,0001
100,0000001036,5000,,,,0001
100,0000001411,4000,,,,
100,0000000366,4000,,,,
100,0000001860,1000,,,,
100,0000000192,4000,,,,0001
100,0000000094,1000,,,,0003
100,0000001707,1000,,,,0001
100,0000000565,5000,,,,0002
100,0000001100,5000,,,,0002
100,0000000173,3000,,,,0003
100,0000000237,3000,,,,
100,0000000991,1000,,,,0001
100,0000000711,4000,,,,0001
100,0000001897,1000,,,,
100,0000001102,3000,,,,0001
100,0000000268,2000,,X,,0001
100,0000001874,2000,,,,0001
100,0000001443,3000,,,,0001
100,0000000845,3000,,,,
100,0000001925,2000,,,,0001
100,0000001504,4000,,,,0001
100,0000001670,5000,,,,0003
100,0000000274,2000,,,,0003
100,0000001890,4000,,,,0001
100,0000000010,2000,,,,0002
100,0000000187,4000,,,,
100,0000000880,4000,,,,0001
100,0000000430,3000,,,,0002
100,0000001231,4000,,,,0001
100,0000001524,3000,,,,0003
100,0000000085,5000,,,,
100,0000000793,1000,,,,
100,0000000366,4000,,,,0002
100,0000000121,3000,,,,0002
100,0000000913,4000,,,,0003
100,0000001986,2000,,,,
100,0000000868,1000,,,,0002
100,0000000134,1000,,,,
100,0000000337,5000,,,,0002
100,0000000637,2000,,,,
100,0000001236,4000,,,,0001
100,0000001789,1000,,,,0002
100,0000000333,5000,,,,
100,0000001044,3000,,,,
100,0000000049,2000,,,,0003
100,0000001415,3000,,,,0001
100,0000001920,5000,,,,
100,0000001804,3000,,,,0002
100,0000001169,5000,,,,
100,0000001373,5000,,,,0001
100,0000001489,2000,,,,0003
100,0000001184,1000,,,,
100,0000000423,2000,,,,0002
100,0000001765,1000,,,,
100,0000000369,3000,,,,
100,0000000952,3000,,,,
100,0000001050,3000,,,,0001
100,0000000365,4000,,,,0003
100,0000001050,1000,,,,0001
100,0000001064,1000,,,,0003
100,0000000145,4000,,,,0001
100,0000000565,2000,,,,0003
100,0000000007,3000,,,,
100,0000000550,3000,,,,0001
100,0000000774,1000,,,,0001
100,0000001132,1000,,,,0002
100,0000001915,3000,,,,0003
100,0000001951,4000,,,,0001
100,0000000664,3000,,,,0001
100,0000000650,3000,,,,0002
100,0000001652,1000,,,,
100,0000000498,2000,,,,0003
100,0000000652,3000,,,,0003
100,0000000680,3000,,,,0003
100,0000001474,2000,,,,0001
100,0000001688,5000,,,,0002
100,0000001575,3000,,,,0002
100,0000001329,3000,,,,0001
100,0000000361,4000,,,,
100,0000000355,1000,,,,
100,0000000055,4000,,,,
100,0000001503,3000,,,,0001
100,0000001994,5000,,,,
100,0000000019,1000,,X,,0002
100,0000001659,3000,,,,0002
100,0000000709,2000,,,,0003
100,0000000907,3000,,,,0003
100,0000001466,1000,,,,0002
100,0000000481,2000,,,,0001
100,0000001601,3000,,,,0002
100,0000001532,4000,,,,0003
100,0000001539,4000,,,,
100,0000000167,3000,,,,
100,0000001628,3000,,,,0001
100,0000000157,1000,,,,0001
100,0000001228,5000,,,,0001
100,0000000576,3000,,,,0003
100,0000000569,5000,,,,0002
100,0000000580,2000,,,,0002
100,0000001362,1000,,,,
100,0000000705,3000,,,,0002
100,0000001220,2000,,,,
100,0000001722,3000,,,,0003
100,0000000520,3000,,,,0001
100,0000001227,4000,,,,0002
100,0000000030,1000,,,,0002
100,0000000499,5000,,,,
100,0000000118,1000,,,,0001
100,0000001794,2000,,,,0003
100,0000001630,1000,,,,0002
100,0000001639,3000,,,,
100,0000000948,3000,,,,0001
100,0000001585,1000,,,,0003
100,0000000631,4000,,,,
100,0000001868,2000,,,,0003
100,0000001278,5000,,,,0001
100,0000000282,5000,,,,0002
100,0000000353,4000,,,,
100,0000001521,4000,,,,0002
100,0000000470,2000,,,,0002
100,0000001258,5000,,,,0002
100,0000001278,4000,,,,0002
100,0000000576,4000,,,,0001
100,0000001212,2000,,,,0003
100,0000000947,1000,,,,0003
100,0000000305,3000,,,,
100,0000001367,3000,,,,0003
100,0000000440,5000,,,,0002
100,0000000154,3000,,,,0002
100,0000000009,3000,,,,0002
100,0000001877,2000,,,,0002
100,0000000797,2000,,,,0001
100,0000001052,3000,,,,0002
100,0000001327,5000,,,,0002
100,0000000393,3000,,,,0002
100,0000001059,3000,,,,0003
100,0000000612,5000,,,,0003
100,0000001036,2000,,,,0003
100,0000001226,5000,,,,0001
100,0000001482,1000,,,,
100,0000000484,1000,,,,0002
100,0000000332,4000,,,,0003
100,0000000016,4000,,,,0003
100,0000000676,4000,,,,0003
100,0000000549,3000,,,,0003
100,0000000517,5000,,,,0001
100,0000000383,2000,,,,
100,0000000690,4000,,,,
100,0000001477,5000,,,,0002
100,0000001540,5000,,,,
100,0000000432,5000,,,,0002
100,0000000028,2000,,,,0003
100,0000000802,3000,,,,0001
100,0000001292,3000,,,,0002
100,0000000895,3000,,,,0003
100,0000001461,1000,,,,0001
100,0000001073,3000,,,,
100,0000001376,4000,,,,
100,0000001173,4000,,,,0003
100,0000000327,2000,,,,
100,0000001298,2000,,,,0001
100,0000000230,1000,,,,0002
100,0000001100,5000,,,,0001
100,0000001784,1000,,,,0002
100,0000000791,1000,,,,
100,0000001932,3000,,,,0002
100,0000000943,5000,,,,
100,0000000819,5000,,,,0001
100,0000001623,5000,,,,0003
100,0000001176,1000,,,,
100,0000000826,2000,,,,0001
100,0000001323,2000,,,,
100,0000000251,2000,,,,
100,0000000538,4000,,,,
100,0000001929,2000,,,,
100,0000001946,5000,,,,0002
100,0000001614,2000,,,,0002
100,0000001757,3000,,,,0003
100,0000000583,2000,,X,,0001
100,0000000404,4000,,,,0003
100,0000000195,2000,,,,
100,0000000600,5000,,,,0002
100,0000000692,5000,,,,0003
100,0000000575,1000,,,,0002
100,0000001955,5000,,,,0001
100,0000000094,2000,,,,0002
100,0000001433,3000,,,,0001
100,0000000698,5000,,,,0003
100,0000001743,2000,,,,0002
100,0000001077,5000,,,,0002
100,0000000479,4000,,,,0002
100,0000001707,3000,,,,0001
100,0000000993,3000,,,,0001
100,0000000971,2000,,,,
100,0000000351,4000,,,,0002
100,0000000187,1000,,,,0003
100,0000001272,4000,,,,0002
100,0000000465,2000,,,,0003
100,0000001275,5000,,,,
100,0000000982,4000,,,,
100,0000001694,4000,,,,0001
100,0000000110,2000,,,,0001
100,0000000766,2000,,,,
100,0000001954,3000,,,,
100,0000001540,1000,,,,0001
100,0000000117,5000,,,,0002
100,0000000948,5000,,,,0001
100,0000001316,5000,,,,0001
100,0000000518,3000,,,,0003
100,0000000863,1000,,,,0001
100,0000001088,1000,,,,0001
100,0000000883,5000,,,,
100,0000001258,5000,,,,0003
100,0000001620,2000,,,,0002
100,0000001785,1000,,,,0003
100,0000000153,2000,,,,0001
100,0000000959,1000,,,,0002
100,0000000470,5000,,,,
100,0000000619,4000,,,,0002
100,0000001998,4000,,,,0003
100,0000001317,3000,,,,0001
100,0000000560,4000,,,,
100,0000000901,1000,,,,0003
100,0000000693,3000,,,,0002
100,0000001369,2000,,,,
100,0000001626,5000,,,,0001
100,0000001911,3000,,,,
100,0000000354,4000,,,,0001
100,0000001682,2000,,,,0002
100,0000000567,5000,,,,
100,0000000108,1000,,,,0003
100,0000000857,3000,,,,0003
100,0000000812,5000,,,,0002
100,0000001874,3000,,,,0001
100,0000000221,5000,,,,0001
100,0000001071,1000,,,,0002
100,0000001390,1000,,,,
100,0000001498,1000,,,,0001
100,0000000781,1000,,,,0002
100,0000000138,5000,,,,0003
100,0000000920,5000,,,,0001
100,0000000219,2000,,,,0002
100,0000001659,4000,,,,0002
100,0000000686,1000,,,,0003
100,0000000549,3000,,,,
100,0000001906,4000,,,,0002
100,0000001332,1000,,,,
100,0000000465,1000,,,,0002
100,0000000105,4000,,,,0003
100,0000000964,5000,,,,0002
100,0000001070,1000,,,,0001
100,0000000216,3000,,,,
100,0000001694,4000,,,,0003
100,0000000487,5000,,,,0003
100,0000001400,4000,,,,
100,0000000093,1000,,,,
100,0000001398,4000,,,,
100,0000000195,2000,,,,0003
100,0000000531,1000,,,,0002
100,0000001671,1000,,,,0003
100,0000000605,5000,,,,
100,0000001370,4000,,,,
100,0000000913,3000,,,,0002
100,0000001265,2000,,,,0001
100,0000001427,3000,,,,0002
100,0000000543,3000,,,,0001
100,0000001556,3000,,,,
100,0000000612,3000,,,,0003
100,0000001243,1000,,,,
100,0000000500,1000,,,,0001
100,0000000275,4000,,,,0003
100,0000000794,1000,,,,0001
100,0000001840,4000,,,,0003
100,0000001622,2000,,,,0001
100,0000000991,5000,,,,0003
100,0000000205,3000,,,,
100,0000001819,2000,,,,0001
100,0000001884,4000,,,,0001
100,0000001228,1000,,,,0001
100,0000001822,4000,,,,
100,0000000317,4000,,,,
100,0000000768,4000,,,,
100,0000001285,1000,,,,0001
100,0000001840,5000,,,,0003
100,0000000855,3000,,,,0003
100,0000001879,3000,,,,0003
100,0000000809,3000,,,,0001
100,0000000456,1000,,,,0001
100,0000001720,4000,,,,0002
100,0000001193,3000,,,,0003
100,0000001285,3000,,,,0001
100,0000000479,4000,,,,
100,0000000263,5000,,,,
100,0000001357,5000,,,,
100,0000001389,1000,,,,0003
100,0000001190,2000,,,,0002
100,0000001522,5000,,,,0003
100,0000001505,1000,,,,0001
200,0000001236,4000,,,,
100,0000000598,5000,,,,
100,0000000421,1000,,,,
100,0000000411,2000,,,,0002
100,0000000176,2000,,,,0001
100,0000001577,5000,,,,0003
100,0000001889,2000,,,,0001
100,0000001437,1000,,,,
100,0000000470,5000,,,,0002
100,0000000350,4000,,,,
100,0000000301,2000,,,,0002
100,0000000706,4000,,,,0003
100,0000000139,1000,,,,0003
100,0000000774,1000,,,,
100,0000000965,1000,,,,0002
100,0000001843,2000,,,,0002
100,0000000258,3000,,,,0002
100,0000001666,4000,,,,0003
100,0000001255,2000,,,,
100,0000000725,1000,,,,0001
100,0000000164,1000,,,,0001
100,0000001007,4000,,,,0001
100,0000000034,4000,,,,
100,0000001483,3000,,,,0001
100,0000000021,5000,,,,0001
100,0000000947,3000,,,,0002
100,0000001440,3000,,,,0003
100,0000000363,4000,,,,0003
100,0000001832,5000,,,,0002
100,0000001303,4000,,,,0003
100,0000000875,1000,,,,0002
100,0000000541,1000,,,,0001
100,0000000342,1000,,,,0003
100,0000001576,2000,,,,0003
100,0000000679,5000,,,,
100,0000001275,4000,,,,0003
100,0000001371,2000,,,,0001
100,0000001007,3000,,,,
100,0000001558,4000,,,,0001
100,0000001528,3000,,,,0002
100,0000001685,3000,,,,0002
100,0000000438,5000,,,,0002
100,0000001123,3000,,,,0003
100,0000000392,1000,,,,
100,0000001190,3000,,,,0001
100,0000001154,4000,,,,0002
100,0000001318,4000,,,,0001
100,0000000772,5000,,,,0003
100,0000001418,2000,,,,0001
100,0000000432,4000,,,,
100,0000001149,1000,,,,0001
100,0000001599,1000,,,,0003
100,0000001839,2000,,,,0003
100,0000001533,4000,,,,0003
100,0000001769,5000,,,,0003
100,0000001671,1000,,,,
100,0000001828,5000,,,,0002
100,0000001542,3000,,,,
100,0000001530,2000,,,,0001
100,0000000115,2000,,,,0001
100,0000001532,1000,,,,0002
100,0000000363,3000,,,,0002
100,0000001713,2000,,,,0002
100,0000001544,4000,,,,0002
100,0000000121,4000,,,,0001
100,0000000809,5000,,,,0001
100,0000000276,3000,,,,0002
100,0000000368,1000,,,,0002
100,0000000480,1000,,,,0003
100,0000001665,4000,,,,0003
100,0000001759,1000,,,,0001
100,0000001867,2000,,,,0003
100,0000001306,5000,,,,
100,0000001610,4000,,,,0001
100,0000001929,3000,,,,0002
100,0000001365,2000,,,,0002
100,0000001390,3000,,,,0002
100,0000001060,1000,,,,0001
100,0000000240,4000,,,,
100,0000001299,4000,,,,0003
100,0000000694,5000,,,,0001
100,0000001631,5000,,,,
100,0000000757,3000,,,,0003
100,0000001396,2000,,,,
100,0000000746,2000,,,,0003
100,0000000359,2000,,,,0002
100,0000001207,1000,,,,
100,0000000116,5000,,,,0003
100,0000001277,1000,,,,0001
100,0000001784,4000,,,,0002
100,0000001387,5000,,,,0003
100,0000000264,5000,,,,
100,0000001267,5000,,,,
100,0000000929,2000,,,,0003
100,0000001689,5000,,,,0002
100,0000000644,4000,,,,
100,0000001785,3000,,,,0001
100,0000001042,5000,,,,
100,0000000492,1000,,,,0003
100,0000001872,2000,,,,0003
100,0000000490,5000,,,,
100,0000000443,3000,,,,0001
100,0000000550,1000,,,,
100,0000000732,1000,,,,
100,0000000548,1000,,,,
100,0000000952,3000,,,,0003
100,0000000353,2000,,,,0002
100,0000001841,5000,,,,0002
100,0000001659,2000,,,,0001
100,0000000508,4000,,,,0003
100,0000001438,4000,,,,0003
100,0000001245,3000,,,,0003
100,0000001692,5000,,,,0002
100,0000001936,1000,,,,0003
100,0000001690,1000,,,,0001
100,0000001496,1000,,,,0002
100,0000001247,1000,,,,0001
100,0000000125,1000,,,,0002
100,0000000666,5000,,,,0003
100,0000001133,3000,,,,
100,0000000217,3000,,,,0002
100,0000001461,2000,,,,0002
100,0000001929,1000,,,,0001
100,0000001922,3000,,,,
100,0000001054,2000,,,,0002
100,0000000796,3000,,,,0003
100,0000001862,2000,,,,0002
100,0000000495,2000,,,,0001
100,0000001593,5000,,,,0003
100,0000001894,2000,,,,
100,0000001560,5000,,,,
100,0000000446,1000,,,,
100,0000001979,2000,,,,0003
100,0000001595,5000,,,,0001
100,0000001075,3000,,,,
100,0000000569,1000,,,,0003
100,0000000703,1000,,,,0001
100,0000001223,2000,,,,0003
100,0000001057,5000,,,,
100,0000001501,5000,,,,0002
100,0000001434,1000,,,,0001
100,0000001996,5000,,,,
200,0000000104,3000,,,,0001
100,0000000749,4000,,,,0002
100,0000001160,4000,,,,0001
100,0000000887,5000,,,,0002
100,0000001022,3000,,,,0002
100,0000000994,4000,,,,0002
100,0000001666,4000,,,,
100,0000000095,4000,,,,0003
100,0000001602,4000,,,,0001
100,0000000061,4000,,,,0003
100,0000001329,3000,,,,0003
100,0000000353,3000,,,,0003
100,0000001316,1000,,,,0001
100,0000001209,1000,,,,
100,0000001120,3000,,,,0002
100,0000000191,5000,,,,0001
100,0000000654,1000,,,,
100,0000000265,4000,,,,
100,0000001267,4000,,,,0002
100,0000000368,2000,,,,0001
100,0000000314,2000,,,,0001
100,0000001559,1000,,,,
100,0000001663,1000,,,,0003
100,0000000731,2000,,,,0003
100,0000001270,3000,,,,0001
100,0000000479,2000,,,,0002
100,0000000581,1000,,X,,0002
100,0000001590,1000,,,,0003
100,0000000373,1000,,,,0003
100,0000001590,3000,,,,0003
100,0000000318,3000,,,,
100,0000000002,2000,,,,0003
100,0000000315,5000,,,,0003
100,0000000769,5000,,,,0001
100,0000001666,2000,,,,0001
100,0000001920,4000,,,,0002
100,0000001917,2000,,,,
100,0000000396,3000,,,,0001
100,0000001792,2000,,,,0001
100,0000001458,5000,,,,
100,0000000884,4000,,,,0003
100,0000000864,5000,,,,0003
100,0000000216,1000,,,,0002
100,0000001090,2000,,,,
100,0000000701,1000,,,,0002
100,0000000370,2000,,,,0003
100,0000000261,3000,,,,0002
100,0000001205,1000,,,,0003
100,0000001897,2000,,,,
100,0000000976,3000,,,,
100,0000000370,1000,,,,0002
100,0000000305,1000,,,,
100,0000001928,4000,,,,0002
100,0000000961,4000,,,,
100,0000001458,5000,,,,0003
100,0000001448,2000,,,,0002
100,0000000784,2000,,,,
100,0000001626,2000,,,,0001
100,0000000927,4000,,,,0003
100,0000000258,2000,,,,0002
100,0000000581,2000,,,,0003
100,0000000857,1000,,,,0001
100,0000001283,2000,,,,0003
100,0000000042,2000,,,,0002
100,0000000280,3000,,,,0003
100,0000001256,5000,,,,0002
100,0000001647,2000,,,,
100,0000001019,1000,,,,
100,0000001909,3000,,,,
100,0000000125,2000,,,,0002
100,0000000188,1000,,,,0001
100,0000001503,1000,,,,0002
100,0000001361,2000,,,,0001
100,0000001572,2000,,,,0001
100,0000001049,5000,,,,0003
100,0000001554,1000,,,,0003
100,0000001023,5000,,,,
100,0000000903,1000,,,,0001
100,0000001130,4000,,,,0002
100,0000001019,3000,,,,0002
200,0000001510,5000,,,,0003
100,0000001331,4000,,,,
100,0000000622,1000,,,,0002
100,0000000547,1000,,,,
100,0000000558,5000,,,,0003
100,0000001858,2000,,,,0002
100,0000001316,2000,,,,0002
100,0000000021,2000,,,,0002
100,0000001351,5000,,,,
100,0000001822,4000,,,,0001
100,0000001635,3000,,,,
100,0000001792,2000,,,,0001
100,0000000892,2000,,,,0003
100,0000000221,5000,,,,
100,0000000623,5000,,,,0002
100,0000000417,1000,,,,0002
100,0000000896,4000,,,,0002
100,0000000797,4000,,,,0003
100,0000001093,2000,,,,0002
100,0000000111,5000,,,,0001
100,0000000828,1000,,,,0003
100,0000001667,2000,,X,,
100,0000000394,1000,,,,0003
100,0000001963,1000,,,,
100,0000001233,5000,,,,0001
100,0000001338,1000,,,,0001
100,0000000731,5000,,,,
100,0000001598,1000,,,,0002
100,0000001810,4000,,,,0003
100,0000001916,5000,,,,0003
100,0000001888,5000,,,,
100,0000000788,4000,,,,
100,0000000918,5000,,,,
100,0000001179,5000,,,,0002
100,0000001615,4000,,,,0002
100,0000000172,4000,,,,
100,0000001084,4000,,,,
100,0000001855,2000,,,,0001
100,0000000637,1000,,,,0002
100,0000000526,3000,,,,
100,0000000968,4000,,,,
100,0000000353,5000,,,,
100,0000001329,2000,,,,
100,0000001556,3000,,,,
100,0000000577,3000,,,,0002
100,0000001609,2000,,,,
100,0000001718,3000,,,,
100,0000001520,4000,,,,0001
100,0000001807,2000,,,,0001
100,0000000315,1000,,,,0002
100,0000000894,2000,,,,0001
100,0000000698,4000,,,,0002
100,0000001644,2000,,,,0003
100,0000000810,1000,,,,0002
100,0000001390,1000,,,,
100,0000000141,3000,,,,0002
100,0000001491,2000,,,,0003
100,0000000526,4000,,,,0001
100,0000001210,3000,,,,0003
100,0000001642,1000,,,,0002
100,0000000628,3000,,,,0003
100,0000000585,5000,,,,
100,0000000812,1000,,,,
100,0000000150,4000,,,,0003
100,0000001289,3000,,,,0003
100,0000001641,4000,,,,0003
100,0000000699,3000,,,,0003
100,0000001541,2000,,,,0001
100,0000000273,5000,,,,0003
100,0000001371,4000,,,,0002
100,0000001166,5000,,,,0003
100,0000001048,5000,,,,
100,0000000603,1000,,,,0002
100,0000001022,5000,,,,0003
100,0000000751,3000,,,,0003
100,0000000772,2000,,,,0002
100,0000001241,2000,,,,0002
100,0000001732,5000,,,,0003
100,0000001773,5000,,,,0002
100,0000000095,2000,,,,0002
100,0000000022,2000,,,,
100,0000000658,3000,,,,0002
100,0000001240,5000,,,,0001
100,0000001210,1000,,,,0001
100,0000001959,2000,,,,
100,0000000047,1000,,,,0003
100,0000001046,5000,,,,0002
100,0000001424,1000,,,,0001
100,0000001098,5000,,,,0003
100,0000001165,4000,,,,
100,0000001319,2000,,,,0001
100,0000000642,1000,,,,0002
100,0000000871,2000,,,,
100,0000001595,3000,,,,
100,0000001374,4000,,,,0002
100,0000001297,3000,,X,,0002
100,0000001907,3000,,,,0001
100,0000001658,2000,,,,0001
100,0000001229,3000,,,,0003
100,0000000470,2000,,,,0003
100,0000000603,4000,,,,0001
100,0000001477,5000,,,,0003
100,0000001332,4000,,,,0001
100,0000001831,3000,,,,
100,0000000965,2000,,,,0003
100,0000000920,3000,,,,0002
100,0000001608,1000,,X,,0001
100,0000001120,1000,,,,0003
100,0000001888,5000,,,,0003
100,0000000989,4000,,,,0001
100,0000000656,1000,,,,0002
100,0000001396,2000,,,,
100,0000000586,1000,,,,0003
100,0000001433,3000,,,,0002
100,0000000185,2000,,,,0002
100,0000001694,5000,,,,0001
100,0000001263,5000,,,,
100,0000001746,3000,,,,0002
100,0000001024,3000,,,,0003
100,0000001460,1000,,,,0002
100,0000001340,4000,,,,0002
100,0000001353,4000,,,,0001
100,0000000141,1000,,,,0002
100,0000000994,1000,,,,0001
100,0000000747,4000,,,,0001
100,0000001780,2000,,,,0001
100,0000000147,1000,,,,
100,0000000215,5000,,,,0002
200,0000001999,3000,,X,,0001
100,0000001430,4000,,,,0002
100,0000000682,4000,,,,0003
100,0000001647,5000,,,,0001
100,0000001493,4000,,,,0003
100,0000001790,1000,,,,0001
100,0000001569,4000,,,,0003
100,0000000429,3000,,,,0003
100,0000000787,5000,,,,
100,0000000832,3000,,,,0001
100,0000000451,1000,,,,0002
100,0000000202,2000,,,,0003
100,0000001962,3000,,,,0003
100,0000001375,2000,,,,0003
100,0000001682,2000,,,,0003
100,0000000319,3000,,,,0003
100,0000001617,1000,,,,
100,0000000499,2000,,,,
100,0000000395,5000,,,,0002
100,0000000145,3000,,,,0001
100,0000000418,3000,,,,0003
100,0000001419,2000,,,,
100,0000000028,3000,,,,0002
100,0000000489,3000,,,,0001
100,0000000052,3000,,,,0002
100,0000001986,2000,,,,0002
100,0000000264,1000,,,,0001
100,0000001896,2000,,,,0001
100,0000001128,1000,,,,0001
100,0000001607,1000,,,,0003
100,0000000961,1000,,,,0003
100,0000000264,2000,,,,0003
100,0000001518,1000,,,,0003
100,0000001085,2000,,,,0002
100,0000000562,4000,,X,,0001
100,0000001618,5000,,,,0002
100,0000001793,5000,,,,0001
100,0000001814,5000,,,,0001
100,0000000520,2000,,,,0003
100,0000000140,2000,,,,0003
100,0000000619,5000,,,,0002
100,0000001468,5000,,,,
100,0000001023,4000,,,,0003
100,0000001150,1000,,,,0003
100,0000000531,1000,,,,0002
100,0000000819,5000,,,,0002
100,0000001521,1000,,,,0001
100,0000001409,4000,,,,0002
100,0000001295,3000,,,,
100,0000000967,2000,,,,0002
100,0000000360,4000,,,,0003
100,0000001070,4000,,,,0002
100,0000001850,5000,,,,0001
100,0000000905,2000,,,,0001
100,0000001219,1000,,,,0002
100,0000000391,5000,,,,0003
100,0000001796,1000,,,,0001
100,0000000921,5000,,,,0003
100,0000001097,3000,,,,
100,0000001693,2000,,,,0002
100,0000000558,4000,,,,0001
100,0000001181,2000,,,,0002
100,0000001065,3000,,,,0002
100,0000000135,3000,,,,0002
100,0000000230,1000,,,,0002
100,0000000076,1000,,,,0001
100,0000001334,4000,,,,0003
100,0000001365,3000,,,,
100,0000001563,5000,,,,0001
100,0000000987,4000,,,,
100,0000000023,4000,,,,
100,0000001421,5000,,,,0001
100,0000001572,4000,,,,0002
100,0000000322,5000,,,,0001
100,0000001899,1000,,,,
100,0000001104,4000,,,,0003
100,0000001825,3000,,,,
100,0000001240,5000,,,,0001
100,0000000676,5000,,,,0002
100,0000001233,2000,,,,0002
100,0000000610,1000,,,,0001
100,0000001374,4000,,,,0003
100,0000001936,4000,,,,0002
100,0000001567,4000,,,,0002
100,0000000041,5000,,,,0003
100,0000001173,4000,,,,0001
100,0000001164,1000,,,,
100,0000000722,2000,,,,
100,0000001034,5000,,,,0002
100,0000001064,2000,,,,0003
100,0000000129,2000,,,,0001
100,0000001348,4000,,,,0002
100,0000001784,5000,,,,0003
100,0000001861,1000,,,,0001
100,0000000261,5000,,,,0001
100,0000000171,1000,,,,
100,0000000054,5000,,,,0001
100,0000001152,4000,,,,0003
100,0000001754,4000,,,,0001
100,0000001560,3000,,,,0001
100,0000001279,3000,,,,0001
100,0000000929,4000,,,,0003
100,0000000793,5000,,,,0002
100,0000000787,5000,,,,
100,0000001774,5000,,,,0003
100,0000001581,2000,,,,0001
100,0000001664,4000,,,,0003
100,0000000888,4000,,,,
100,0000001705,1000,,,,
100,0000000643,1000,,,,0002
100,0000001720,3000,,,,
100,0000001371,2000,,,,0002
100,0000001938,5000,,,,
100,0000000383,5000,,,,
100,0000000965,2000,,,,
100,0000000730,2000,,,,
100,0000001521,2000,,,,0001
100,0000000658,1000,,,,0002
100,0000000461,3000,,,,0001
100,0000001872,4000,,,,0003
100,0000001322,3000,,,,0002
100,0000001671,5000,,,,0001
100,0000001051,1000,,,,0001
100,0000000050,4000,,,,0003
100,0000001663,5000,,,,
100,0000000915,2000,,,,0002
100,0000001753,3000,,,,
100,0000000587,3000,,,,0003
100,0000000907,5000,,,,0002
100,0000000569,2000,,,,0002
100,0000000989,1000,,,,0001
100,0000000951,5000,,,,0001
100,0000000489,4000,,,,0002
100,0000000938,1000,,,,0001
100,0000000058,4000,,,,0001
100,0000001798,3000,,,,0001
100,0000001530,2000,,,,0002
100,0000000370,2000,,,,
100,0000000230,3000,,,,0001
100,0000001914,4000,,,,0002
100,0000001091,5000,,,,0003
100,0000001239,5000,,X,,0001
100,0000000568,1000,,X,,0003
100,0000001888,4000,,,,0003
100,0000000230,1000,,,,0003
100,0000001168,2000,,X,,
100,0000000926,3000,,,,
100,0000001289,4000,,,,0001
100,0000001642,1000,,,,
100,0000001821,1000,,,,0003
100,0000000795,3000,,,,0001
100,0000001073,4000,,,,
100,0000001570,4000,,,,0002
100,0000001069,3000,,,,
100,0000001642,4000,,,,
100,0000001277,1000,,,,0001
100,0000001749,3000,,,,0003
100,0000000116,3000,,,,0003
100,0000000930,1000,,,,0003
100,0000000578,3000,,,,
100,0000001753,4000,,,,
100,0000000838,5000,,,,0002
100,0000001639,3000,,,,0003
100,0000001933,2000,,,,
100,0000000699,2000,,,,0002
100,0000001273,1000,,,,0003
100,0000000573,1000,,,,0002
100,0000001134,5000,,,,0002
100,0000000817,1000,,,,
100,0000000411,4000,,,,
100,0000001309,3000,,,,0003
100,0000000401,4000,,,,0001
100,0000001380,3000,,,,0002
100,0000001555,5000,,,,0003
100,0000000876,1000,,,,0002
100,0000000451,5000,,,,0003
100,0000001350,5000,,,,0001
100,0000001274,4000,,,,0002
100,0000001971,2000,,,,
100,0000000522,1000,,,,0003
100,0000001767,3000,,,,0001
100,0000001557,1000,,,,0002
100,0000000159,2000,,,,0001
100,0000000569,4000,,,,0003
100,0000000880,5000,,,,0003
100,0000001528,3000,,,,0003
100,0000000561,5000,,,,0001
100,0000001097,3000,,,,0002
100,0000001720,4000,,,,
100,0000001249,4000,,,,
100,0000000723,2000,,,,0003
100,0000001471,4000,,,,0001
100,0000000040,5000,,,,0002
100,0000001005,3000,,,,0003
100,0000000510,5000,,,,0002
100,0000001273,5000,,,,0003
100,0000001095,2000,,,,
100,0000000345,4000,,,,0003
100,0000001203,4000,,,,0001
100,0000001572,3000,,,,0002
100,0000000087,4000,,,,0002
100,0000000756,1000,,,,0001
100,0000000275,1000,,,,0001
100,0000000258,3000,,,,
100,0000000949,5000,,,,0001
100,0000001631,4000,,,,0002
100,0000001351,2000,,,,0001
100,0000000559,4000,,,,0001
100,0000001878,1000,,,,0002
100,0000001496,4000,,,,0002
100,0000001005,3000,,,,0002
100,0000001703,3000,,,,0002
100,0000000680,4000,,,,
100,0000001049,1000,,,,0001
100,0000001909,1000,,,,0003
100,0000001599,2000,,,,
100,0000000098,1000,,,,
100,0000001725,3000,,,,0002
100,0000001230,3000,,,,
100,0000000782,2000,,,,0003
100,0000000896,5000,,,,
100,0000000762,3000,,,,0003
100,0000000163,3000,,,,0002
100,0000001123,4000,,,,0003
100,0000000507,2000,,,,0003
100,0000001859,1000,,,,
100,0000000243,1000,,,,0002
100,0000000041,5000,,,,0003
100,0000000356,3000,,,,
100,0000000886,3000,,,,0003
100,0000001347,5000,,,,0003
100,0000001254,3000,,,,0001
100,0000000659,2000,,,,0001
100,0000001444,3000,,,,0002
100,0000000731,3000,,,,0001
100,0000000538,4000,,,,
100,0000000359,4000,,,,0001
100,0000000825,3000,,,,0003
100,0000000409,1000,,,,0003
200,0000000188,1000,,,,0003
100,0000001034,4000,,,,0002
100,0000001395,4000,,,,0002
100,0000000981,3000,,,,
100,0000000340,2000,,,,0002
100,0000000914,3000,,,,
100,0000000795,2000,,,,0001
100,0000000234,2000,,,,
100,0000001561,1000,,,,0003
100,0000000949,5000,,,,0003
100,0000000428,1000,,,,0003
100,0000000136,2000,,,,
100,0000000351,1000,,,,
100,0000001632,2000,,,,
100,0000001554,4000,,,,0003
100,0000000979,2000,,,,0001
100,0000001756,1000,,,,0003
100,0000001324,5000,,,,0001
100,0000001148,5000,,,,
100,0000001953,5000,,,,0001
100,0000000278,3000,,,,0002
100,0000000925,2000,,,,
100,0000000244,3000,,,,0001
100,0000000320,1000,,,,0001
100,0000000410,5000,,,,0003
100,0000000384,2000,,,,
100,0000001806,4000,,,,0003
100,0000001864,3000,,,,
100,0000001918,5000,,,,
100,0000001784,5000,,,,0001
100,0000001798,1000,,,,0001
100,0000000957,5000,,,,0003
100,0000000144,2000,,,,
100,0000001279,5000,,,,
100,0000000945,5000,,,,0002
100,0000000272,5000,,,,0001
100,0000001760,5000,,,,0001
100,0000000599,5000,,,,0002
100,0000001265,5000,,,,0001
100,0000001285,3000,,,,0002
100,0000001967,5000,,,,
100,0000000868,2000,,X,,0002
100,0000000179,4000,,,,0003
100,0000000778,2000,,,,0002
100,0000000636,3000,,,,
100,0000001148,5000,,,,0002
100,0000001070,2000,,,,0002
100,0000000481,2000,,,,0003
100,0000001089,5000,,,,0001
100,0000001487,2000,,,,0001
100,0000001930,5000,,,,
100,0000001925,5000,,,,
100,0000001317,3000,,,,
100,0000000354,5000,,,,0001
100,0000000528,5000,,,,0002
100,0000001268,2000,,,,0001
100,0000001329,4000,,,,0002
100,0000001963,4000,,,,0002
100,0000001246,5000,,,,
100,0000000462,3000,,,,0003
100,0000001590,1000,,,,0001
100,0000000607,3000,,,,0003
100,0000001077,4000,,,,0002
100,0000001368,2000,,,,0001
100,0000001760,2000,,,,
100,0000001138,5000,,,,0003
100,0000000003,3000,,,,0001
100,0000000789,3000,,,,0002
100,0000001047,5000,,,,0002
100,0000000401,3000,,,,
100,0000000855,3000,,,,0001
100,0000001999,5000,,,,0003
100,0000001775,5000,,,,
100,0000000770,4000,,,,0003
100,0000000840,4000,,,,0002
100,0000001093,2000,,,,0002
100,0000000464,4000,,,,0002
100,0000001942,3000,,,,
100,0000001411,3000,,,,
100,0000000830,5000,,,,0002
100,0000000262,5000,,,,0003
100,0000001778,1000,,,,0002
100,0000001024,5000,,,,0003
100,0000000750,1000,,,,0002
100,0000000069,4000,,,,0001
100,0000001704,3000,,,,0003
100,0000001186,2000,,,,0001
100,0000001710,3000,,,,0003
100,0000001158,2000,,,,0002
100,0000001320,2000,,,,0002
100,0000000878,2000,,,,0003
100,0000000457,3000,,,,0003
100,0000001579,3000,,,,0002
100,0000001202,4000,,,,0001
100,0000000950,3000,,,,0001
100,0000000155,3000,,,,
100,0000000671,2000,,,,0003
100,0000000253,3000,,,,
100,0000001967,5000,,,,0003
100,0000000888,5000,,,,0001
100,0000001371,4000,,,,0001
100,0000001317,4000,,,,0001
100,0000001639,3000,,,,0002
100,0000001396,5000,,,,
100,0000001780,3000,,,,0001
100,0000000324,5000,,,,0002
100,0000001007,4000,,,,
100,0000000895,3000,,,,0003
100,0000001362,5000,,,,
100,0000000800,2000,,,,
100,0000001334,3000,,,,0003
100,0000000717,2000,,,,0001
100,0000001844,1000,,,,0001
100,0000000322,3000,,,,0001
100,0000001534,5000,,,,0003
100,0000000957,4000,,,,0002
100,0000000780,1000,,,,0001
100,0000000170,1000,,,,0001
100,0000001887,4000,,,,0002
100,0000000957,3000,,,,0003
100,0000001872,5000,,,,0002
200,0000000646,5000,,,,0002
100,0000000447,3000,,,,
100,0000000318,2000,,,,0003
100,0000000843,2000,,,,0003
100,0000000676,3000,,,,0001
100,0000001071,4000,,,,0001
100,0000001403,2000,,,,0002
100,0000001143,5000,,,,0002
100,0000001511,1000,,,,0001
100,0000000636,1000,,,,0002
100,0000000571,5000,,,,0001
100,0000000814,2000,,,,
100,0000000047,5000,,,,0002
100,0000001418,1000,,,,0003
100,0000001873,4000,,,,0003
100,0000000701,4000,,,,
100,0000001998,2000,,,,0002
100,0000000939,1000,,,,0003
100,0000001028,3000,,,,0001
100,0000001421,1000,,,,0002
100,0000001243,3000,,,,0002
100,0000001143,5000,,,,0001
100,0000000642,1000,,,,0002
100,0000000108,5000,,,,0001
100,0000000741,4000,,,,0003
100,0000000501,3000,,,,
100,0000000962,2000,,,,0001
100,0000000655,3000,,,,0002
100,0000001522,3000,,,,0002
100,0000001221,5000,,,,
100,0000000413,4000,,,,
100,0000000187,5000,,,,0003
100,0000001936,1000,,,,
100,0000000797,3000,,,,0002
100,0000001998,4000,,,,
100,0000000994,3000,,,,0001
100,0000000176,2000,,,,0001
100,0000000050,4000,,,,0003
200,0000001808,3000,,,,
100,0000000196,4000,,,,0002
100,0000001893,4000,,,,0003
100,0000000291,1000,,,,0001
100,0000001275,2000,,,,0001
100,0000001648,1000,,,,
100,0000000002,4000,,,,
100,0000001077,5000,,,,0001
100,0000001322,4000,,,,0003
100,0000001337,1000,,,,0001
100,0000000546,1000,,,,0003
100,0000001055,5000,,,,0003
100,0000000963,5000,,,,0003
100,0000000428,4000,,,,0003
100,0000001479,2000,,,,
100,0000001803,4000,,,,0001
100,0000000806,3000,,,,
100,0000001562,3000,,,,0003
100,0000000058,3000,,,,0001
100,0000001204,2000,,,,0002
100,0000000463,2000,,,,0001
100,0000000883,5000,,,,0003
100,0000000090,2000,,,,0001
100,0000000404,3000,,,,0003
100,0000000913,4000,,,,0001
100,0000001268,4000,,,,0003
100,0000001322,2000,,,,0003
100,0000000402,2000,,,,
100,0000001450,1000,,,,0001
100,0000001147,1000,,,,0001
100,0000000733,3000,,,,0003
100,0000001773,3000,,,,
100,0000001189,4000,,,,0003
100,0000000395,3000,,,,0002
100,0000000937,5000,,,,0001
100,0000000388,3000,,,,0003
100,0000000354,2000,,,,0001
100,0000000534,1000,,,,0002
100,0000001654,2000,,,,
100,0000000717,3000,,,,0002
100,0000000039,5000,,,,0001
100,0000001598,3000,,,,0002
100,0000000317,5000,,,,0003
100,0000001072,2000,,,,
100,0000001638,2000,,,,0001
100,0000000692,2000,,,,0003
100,0000000277,2000,,,,0001
100,0000000584,2000,,,,0002
100,0000001702,4000,,,,0002
100,0000001249,3000,,,,0002
100,0000000019,1000,,,,
100,0000000778,5000,,,,0002
100,0000000075,2000,,,,0001
100,0000000512,3000,,,,0003
100,0000001151,2000,,,,
100,0000001024,2000,,,,0002
100,0000000309,3000,,,,0002
100,0000000052,4000,,,,
100,0000000071,5000,,,,
100,0000001227,5000,,,,0002
100,0000001569,2000,,,,0001
100,0000000849,2000,,,,0002
100,0000001639,4000,,,,0002
100,0000001384,4000,,,,0003
100,0000001924,4000,,,,0002
100,0000001967,3000,,,,0003
100,0000000784,2000,,,,0003
100,0000001004,5000,,,,
100,0000000531,5000,,,,0003
100,0000000394,1000,,,,0002
100,0000001738,4000,,,,
100,0000000941,4000,,,,0002
100,0000000027,3000,,,,0003
100,0000001717,2000,,,,0002
100,0000001424,3000,,,,0001
100,0000001244,2000,,,,0002
200,0000001948,1000,,,,0001
100,0000001882,1000,,,,0003
100,0000000772,5000,,,,0001
100,0000000848,3000,,,,0001
100,0000000158,4000,,,,0002
100,0000001953,2000,,,,
100,0000000968,3000,,,,0002
100,0000000271,5000,,,,0001
100,0000000541,3000,,,,
100,0000001161,3000,,,,0003
100,0000000373,2000,,,,0003
100,0000001752,1000,,,,0001
100,0000001618,4000,,,,0002
100,0000001303,1000,,,,0001
100,0000000308,1000,,,,0003
100,0000001410,5000,,,,0003
100,0000000872,2000,,,,0001
100,0000001973,2000,,,,0002
100,0000000698,2000,,,,
100,0000001119,5000,,,,
100,0000001918,2000,,,,0001
100,0000000180,1000,,,,
100,0000001913,5000,,,,
100,0000001483,4000,,,,0001
100,0000000364,3000,,,,0002
100,0000001969,5000,,,,0001
100,0000000696,4000,,,,0003
