MANDT,LIFNR,BUKRS,MABER,MAHNS,MANDT2
100,0000000582,1000,ZZ,2,
100,0000001265,4000,WH,4,
100,0000000384,1000,io,5,
100,0000001384,3000,mo,3,
100,0000001625,5000,qZ,3,
100,0000001023,3000,BY,4,
100,0000000056,3000,TG,1,
100,0000000126,3000,qV,0,
100,0000000570,4000,YO,4,
100,0000001224,5000,Nf,2,
100,0000000902,4000,ki,3,
100,0000000640,3000,NX,4,
100,0000000599,1000,Zk,2,
100,0000000644,1000,Rs,0,
100,0000001873,2000,ab,4,
100,0000001967,5000,Im,0,
100,0000001360,5000,jw,2,
100,0000001162,1000,cP,3,
100,0000000038,3000,wR,0,
100,0000001342,2000,Dy,1,
100,0000001897,3000,ha,1,
100,0000001644,5000,do,1,
100,0000001823,3000,ux,0,
100,0000001733,3000,KN,4,
100,0000001466,2000,yb,2,
100,0000000359,4000,St,1,
100,0000001750,1000,KU,3,
100,0000000510,4000,Es,1,
100,0000000878,1000,jS,5,
100,0000001815,1000,pj,4,
100,0000001976,1000,JF,3,
100,0000000157,2000,KC,4,
100,0000000244,5000,Xn,0,
100,0000000480,4000,It,4,
100,0000001459,4000,sK,0,
100,0000001809,2000,Lf,0,
100,0000001584,1000,Jk,0,
100,0000000604,2000,gt,5,
100,0000001782,1000,lU,3,
100,0000000531,5000,Od,4,
100,0000000950,2000,Xn,2,
100,0000000637,2000,aM,5,
100,0000001135,3000,Kv,3,
100,0000001615,5000,Tq,0,
100,0000001060,2000,Ni,2,
100,0000001925,2000,rF,0,
100,0000001057,3000,Jc,4,
100,0000001779,4000,DJ,0,
100,0000000312,2000,yg,0,
100,0000001163,3000,KS,1,
100,0000001558,1000,XY,4,
100,0000001958,5000,Vk,3,
100,0000001097,2000,HH,2,
100,0000001225,1000,dA,1,
100,0000000352,2000,hk,2,
100,0000000730,2000,oY,4,
100,0000001580,2000,rp,2,
100,0000000071,4000,IJ,1,
100,0000001018,1000,QK,2,
100,0000000518,1000,Bw,2,
100,0000001402,5000,tX,2,
100,0000000281,3000,iv,3,
100,0000000305,2000,uY,1,
100,0000001250,3000,Eo,4,
100,0000001041,1000,vv,5,
100,0000001880,1000,Or,1,
100,0000001742,1000,Nf,3,
100,0000000562,1000,rV,5,
100,0000001549,5000,cC,3,
100,0000000710,1000,yv,0,
100,0000001497,4000,RH,0,
100,0000000394,4000,zr,5,
100,0000000218,4000,fc,4,
100,0000000632,5000,qi,2,
100,0000000296,5000,Sv,3,
100,0000001165,1000,uY,5,
100,0000001856,4000,vi,1,
100,0000001666,2000,Fo,3,
100,0000001450,5000,Ci,3,
100,0000000863,4000,te,1,
100,0000000572,4000,OE,5,
100,0000001662,3000,KU,0,
100,0000000868,2000,qW,2,
100,0000001669,3000,qb,3,
100,0000000972,3000,xp,0,
100,0000001492,4000,WO,1,
100,0000001960,4000,vm,2,
100,0000001725,3000,Qe,0,
100,0000000102,3000,ko,4,
100,0000000331,2000,VC,1,
100,0000001598,1000,NG,1,
100,0000000338,5000,Ot,4,
100,0000001664,5000,dV,0,
100,0000000631,2000,xD,1,
100,0000001969,2000,Ba,1,
100,0000001095,5000,qm,3,
100,0000000856,4000,FQ,1,
100,0000000280,5000,mh,1,
100,0000000772,5000,jw,5,
100,0000001744,2000,CC,4,
100,0000001364,3000,tl,5,
100,0000001780,1000,PQ,4,
100,0000000297,1000,GA,0,
100,0000001205,5000,UE,2,
100,0000000548,5000,Xn,5,
100,0000001433,5000,hF,4,
100,0000001449,5000,qh,2,
100,0000000230,5000,DH,5,
100,0000001175,1000,IR,5,
100,0000000333,4000,bV,3,
100,0000000200,4000,Uk,0,
100,0000000436,3000,iP,1,
100,0000000642,4000,NC,5,
100,0000001409,5000,NG,0,
100,0000001817,5000,Du,0,
100,0000001872,3000,It,5,
100,0000000710,4000,fT,3,
100,0000000703,4000,vo,5,
100,0000001284,5000,mC,0,
100,0000001938,3000,DK,0,
100,0000000340,3000,DI,4,
100,0000001755,3000,Pe,2,
100,0000000813,2000,tV,2,
100,0000000081,2000,RQ,4,
100,0000000107,5000,he,2,
100,0000001308,4000,in,3,
100,0000001417,2000,Gi,1,
100,0000001886,2000,tq,5,
100,0000001454,2000,DY,1,
100,0000001214,3000,tN,4,
100,0000001536,4000,mZ,5,
100,0000001101,3000,zs,4,
100,0000001630,3000,dK,0,
100,0000001095,2000,eI,4,
100,0000000437,5000,Sl,2,
100,0000000008,5000,ie,5,
100,0000000093,1000,sW,4,
100,0000000844,2000,kf,0,
100,0000000490,4000,Wj,2,
100,0000001519,4000,cx,1,
100,0000001530,5000,Tg,4,
100,0000001319,4000,cv,0,
100,0000001225,3000,Af,0,
100,0000000250,1000,Wc,3,
100,0000000859,1000,ds,1,
100,0000001576,2000,Ff,2,
100,0000000118,2000,KC,1,
100,0000001882,3000,YT,5,
100,0000000700,2000,xO,1,
100,0000000142,5000,LT,5,
100,0000000350,5000,lV,0,
100,0000000185,3000,NI,3,
100,0000001729,4000,Uf,4,
100,0000000127,5000,ai,4,
100,0000001689,3000,ln,3,
100,0000001546,5000,lE,3,
100,0000001707,2000,wc,3,
100,0000001387,2000,Ch,0,
100,0000001905,3000,sZ,1,
100,0000001036,1000,dl,5,
100,0000001238,2000,Yy,0,
100,0000000433,5000,Mb,5,
100,0000000630,4000,Rn,3,
100,0000001209,5000,hr,4,
100,0000000624,1000,tO,1,
100,0000000830,3000,Py,1,
100,0000000931,4000,WN,0,
100,0000000068,2000,eq,0,
100,0000001661,3000,qe,0,
100,0000000759,1000,mQ,1,
100,0000001558,5000,AM,0,
100,0000001354,3000,Ar,0,
100,0000000629,1000,AY,2,
100,0000001201,4000,uv,0,
100,0000001935,5000,iG,1,
100,0000001798,5000,px,4,
100,0000001827,5000,XL,2,
100,0000000758,2000,nK,1,
100,0000001468,1000,cv,2,
100,0000000512,4000,LL,0,
100,0000001323,1000,hv,4,
100,0000000035,3000,dC,3,
100,0000000504,3000,Gy,4,
100,0000000598,2000,zx,5,
100,0000001902,5000,aS,5,
100,0000001360,4000,Yn,5,
100,0000001548,3000,gK,1,
100,0000000783,4000,UK,2,
100,0000000839,4000,Ib,5,
100,0000000072,5000,aw,2,
100,0000000805,3000,mY,5,
100,0000000778,3000,hE,3,
100,0000001057,1000,XP,0,
100,0000000329,4000,xP,5,
100,0000001861,5000,Ro,5,
100,0000001439,5000,pB,2,
100,0000000173,1000,aq,0,
100,0000001880,3000,XC,2,
100,0000001327,2000,WR,5,
100,0000000746,1000,yX,3,
100,0000001105,3000,Hx,1,
100,0000000185,5000,pw,1,
100,0000001516,1000,Yl,5,
100,0000001405,4000,Lg,0,
100,0000000054,1000,kt,4,
100,0000000708,3000,GG,1,
100,0000000406,5000,SJ,5,
200,0000000826,3000,MC,5,
100,0000001933,4000,Xi,2,
100,0000000659,4000,jf,3,
100,0000001923,4000,SJ,4,
100,0000001324,3000,vS,0,
100,0000001166,2000,rI,4,
100,0000000180,1000,Uf,2,
100,0000000223,4000,zE,1,
100,0000001922,5000,Xa,5,
100,0000001244,3000,gY,0,
100,0000000553,3000,vU,5,
100,0000000370,1000,pc,4,
100,0000001283,1000,xv,5,
100,0000001801,5000,pY,3,
100,0000000653,2000,Fc,3,
100,0000000747,2000,ow,1,
100,0000000675,3000,KV,1,
100,0000001961,1000,Oo,0,
100,0000000825,5000,fT,1,
100,0000000970,4000,dO,5,
100,0000001906,2000,gT,2,
100,0000000426,5000,Xx,3,
100,0000000777,2000,qp,2,
100,0000000074,4000,lH,3,
100,0000001208,5000,jP,4,
100,0000001479,1000,lr,3,
100,0000000685,3000,CW,2,
100,0000001076,1000,Gk,5,
100,0000001256,4000,aS,2,
100,0000001636,3000,dA,1,
100,0000000603,3000,yj,3,
100,0000000366,2000,YF,4,
100,0000000315,2000,vZ,1,
100,0000001128,5000,GB,2,
100,0000001491,1000,cB,4,
100,0000000491,4000,Fr,3,
100,0000000899,2000,iP,4,
100,0000000210,1000,Ht,1,
100,0000001252,3000,XR,4,
100,0000000615,3000,Cx,4,
100,0000000113,1000,mZ,1,
100,0000000050,1000,bK,5,
100,0000001764,1000,ag,3,
100,0000001612,1000,pv,0,
100,0000001114,4000,Vf,3,
100,0000000980,2000,Pp,5,
100,0000001670,4000,eG,3,
100,0000000668,2000,Sz,0,
100,0000001066,2000,UD,1,
100,0000001317,5000,Dq,4,
100,0000001147,2000,xw,3,
100,0000000598,5000,Sa,2,
100,0000000992,4000,mQ,0,
100,0000001927,5000,hV,4,
100,0000001738,1000,vD,0,
100,0000001890,4000,sL,3,
100,0000001704,4000,qL,2,
100,0000001410,3000,na,2,
100,0000001896,4000,Bd,4,
100,0000001838,2000,Em,2,
100,0000001068,5000,VY,4,
100,0000001846,4000,hQ,0,
100,0000000763,4000,kV,5,
100,0000001835,4000,zF,2,
100,0000001324,4000,Oz,5,
100,0000000332,5000,uI,5,
100,0000000572,5000,Wu,1,
100,0000000617,4000,dD,5,
100,0000000069,1000,lA,5,
100,0000000571,1000,St,3,
100,0000001901,1000,tM,4,
100,0000001144,1000,Xu,0,
100,0000001515,2000,fN,4,
100,0000001088,2000,Ab,0,
100,0000001087,1000,Uj,1,
100,0000001384,5000,gg,2,
100,0000001823,2000,mT,4,
100,0000000312,5000,Lt,2,
100,0000000550,2000,eW,4,
100,0000001423,4000,Vb,0,
100,0000000794,4000,aX,2,
100,0000001325,4000,AX,4,
100,0000001901,2000,BY,3,
100,0000000720,5000,lr,4,
100,0000000230,4000,hz,0,
100,0000001559,1000,FH,3,
100,0000001319,5000,Tg,4,
100,0000001903,1000,vc,5,
100,0000001153,5000,No,4,
100,0000001011,2000,La,5,
100,0000001136,3000,fe,2,
100,0000001377,3000,BD,2,
200,0000000741,3000,FK,1,
100,0000001969,5000,Ji,2,
100,0000001056,3000,Xu,2,
100,0000001302,4000,HD,3,
100,0000001468,5000,HA,2,
100,0000001808,1000,UU,0,
100,0000001445,5000,CX,5,
100,0000001112,4000,Ns,3,
100,0000000606,3000,sP,4,
100,0000001087,1000,fe,0,
100,0000000972,4000,bx,0,
100,0000000981,2000,Ry,0,
100,0000001358,4000,PP,0,
100,0000001737,1000,oA,4,
100,0000001282,1000,Iz,4,
100,0000001582,2000,Fc,3,
100,0000000218,1000,vm,5,
100,0000001929,1000,Jr,2,
100,0000000272,3000,qj,2,
100,0000001472,3000,LS,5,
100,0000000290,2000,jy,0,
100,0000000606,4000,Ai,0,
100,0000000484,4000,tj,5,
100,0000000218,3000,Yu,2,
100,0000000225,3000,BP,1,
100,0000000437,4000,if,5,
100,0000000780,5000,au,1,
100,0000000052,2000,KL,4,
100,0000001741,3000,LF,4,
100,0000001536,2000,Mk,1,
100,0000001803,5000,aF,4,
100,0000001609,4000,Qj,0,
100,0000000560,5000,ry,3,
100,0000000452,4000,mV,5,
100,0000000161,4000,SI,4,
100,0000000950,5000,qp,0,
100,0000000035,4000,QB,0,
100,0000000707,5000,Uc,0,
100,0000000725,4000,jB,4,
100,0000001898,2000,Mf,1,
100,0000000482,1000,Uw,1,
100,0000000835,1000,Ax,2,
100,0000001076,2000,Ap,5,
100,0000000280,5000,Cy,1,
100,0000000270,5000,CW,4,
100,0000000319,3000,Cy,3,
100,0000001142,4000,fI,0,
100,0000000328,1000,Mx,1,
100,0000001722,1000,IC,1,
100,0000001575,1000,WX,2,
100,0000000795,3000,Jr,0,
100,0000000557,4000,CN,2,
100,0000001735,5000,lm,2,
100,0000001253,5000,tZ,0,
100,0000000104,5000,sS,5,
100,0000001240,1000,Ai,1,
100,0000001828,5000,VS,2,
100,0000000104,4000,VT,0,
100,0000001042,4000,Qs,2,
100,0000000167,1000,HS,3,
100,0000000671,5000,ft,0,
100,0000001564,5000,ha,3,
100,0000000416,3000,in,0,
100,0000000545,4000,gV,2,
100,0000001557,5000,aW,1,
100,0000000095,5000,JS,3,
100,0000001989,4000,ht,3,
100,0000001629,3000,hR,5,
100,0000001803,4000,sk,3,
100,0000000884,2000,QF,3,
100,0000000092,2000,dZ,5,
100,0000000733,5000,HN,5,
100,0000000243,1000,sE,5,
100,0000000705,5000,kV,3,
100,0000000136,3000,uv,0,
100,0000000656,2000,vn,2,
100,0000000361,5000,lH,2,
200,0000001987,4000,ph,0,
100,0000001426,1000,PB,3,
100,0000001452,4000,nN,0,
100,0000000240,5000,iS,0,
100,0000000826,4000,ft,3,
100,0000000641,5000,BS,5,
100,0000001457,2000,YV,1,
100,0000000495,2000,Yo,1,
100,0000000203,2000,XG,3,
100,0000001588,5000,xv,1,
100,0000000696,3000,qC,2,
100,0000001516,4000,eN,3,
100,0000000385,3000,cF,3,
100,0000000874,5000,wO,1,
100,0000000669,3000,Zu,0,
100,0000001714,5000,sv,3,
100,0000000451,3000,rH,0,
100,0000000865,2000,SD,4,
100,0000001663,3000,Yp,4,
100,0000001950,4000,nc,3,
100,0000001921,4000,rm,3,
100,0000001207,2000,cN,1,
100,0000000037,2000,zk,5,
100,0000001854,4000,mQ,5,
100,0000001863,2000,Lx,1,
100,0000001098,2000,IV,0,
100,0000000787,5000,FV,2,
100,0000000194,1000,et,5,
100,0000001172,1000,xJ,1,
100,0000001131,2000,pw,5,
100,0000001620,3000,Nd,4,
100,0000000929,1000,yZ,3,
100,0000000124,2000,hz,5,
100,0000001107,4000,DI,3,
100,0000001494,2000,zL,2,
100,0000000234,3000,nX,3,
100,0000001714,2000,xE,1,
100,0000000286,3000,aO,5,
100,0000001155,4000,lS,0,
100,0000001089,4000,uW,2,
100,0000000267,2000,TR,4,
100,0000000726,1000,AI,0,
100,0000000825,3000,jT,1,
100,0000000923,5000,av,2,
100,0000000933,3000,fS,5,
100,0000000422,5000,vV,4,
100,0000001816,1000,ao,1,
100,0000000216,1000,oK,0,
100,0000001023,3000,jR,2,
100,0000001881,2000,Ad,3,
100,0000001748,3000,hy,2,
100,0000001103,3000,tZ,2,
100,0000001597,5000,EJ,4,
100,0000000839,2000,vS,2,
100,0000001252,1000,jg,3,
100,0000001722,1000,LL,2,
100,0000001738,2000,zi,2,
100,0000001771,1000,dv,5,
100,0000000141,5000,wK,1,
100,0000000664,3000,bq,1,
100,0000001410,5000,Df,1,
100,0000000001,4000,TQ,5,
100,0000000251,4000,cF,4,
100,0000000786,2000,ZQ,3,
100,0000000980,2000,WP,0,
100,0000001770,5000,PK,5,
100,0000000113,2000,aO,2,
100,0000000758,1000,un,3,
100,0000001398,4000,jI,2,
100,0000001418,5000,fq,0,
100,0000000451,3000,oZ,4,
100,0000000052,3000,yp,2,
100,0000000738,2000,zy,2,
100,0000000555,1000,tE,1,
100,0000001316,5000,dZ,5,
100,0000000001,3000,tJ,5,
100,0000000303,1000,ta,5,
100,0000001694,5000,pH,4,
100,0000000370,3000,pW,3,
100,0000000891,5000,ut,5,
100,0000001773,5000,zC,5,
100,0000000798,1000,Jt,3,
100,0000001362,1000,ct,3,
100,0000001326,1000,TQ,5,
100,0000000837,3000,YR,1,
100,0000001082,3000,RO,5,
100,0000001816,5000,sp,2,
100,0000001818,2000,SY,3,
100,0000001871,4000,li,4,
100,0000001848,5000,TK,5,
100,0000000942,5000,Iz,0,
100,0000000625,3000,uF,3,
100,0000001699,1000,Fg,0,
100,0000000802,4000,um,5,
100,0000000733,5000,Gj,4,
100,0000001251,5000,VN,0,
100,0000000587,5000,sA,5,
100,0000000465,5000,vI,3,
100,0000001705,1000,ww,3,
100,0000000674,3000,Jq,5,
100,0000001463,5000,dd,3,
100,0000000153,4000,yn,0,
100,0000001408,4000,SL,4,
100,0000000903,2000,Px,5,
100,0000001232,2000,qa,1,
100,0000000472,5000,CU,3,
100,0000000077,4000,at,4,
100,0000001971,5000,rZ,2,
100,0000001541,5000,ct,5,
100,0000000089,2000,dp,3,
100,0000001007,3000,sB,2,
100,0000000328,3000,Lg,4,
100,0000000647,3000,jx,3,
100,0000000170,2000,NP,4,
100,0000001161,2000,eq,0,
100,0000001400,1000,PS,1,
100,0000001890,3000,yG,0,
100,0000001350,5000,dK,4,
100,0000001122,1000,bc,5,
100,0000001383,1000,So,4,
100,0000000703,5000,tr,2,
100,0000000778,2000,Hm,4,
100,0000000582,2000,LW,3,
100,0000001903,2000,vN,2,
100,0000000492,1000,Mg,0,
100,0000001345,1000,fi,1,
100,0000000310,2000,sN,3,
100,0000001618,5000,dQ,2,
100,0000000919,5000,gm,1,
100,0000001139,4000,LS,4,
100,0000001467,3000,lg,0,
100,0000001529,5000,nB,1,
100,0000000019,2000,Wm,3,
100,0000001753,3000,YJ,3,
100,0000000474,5000,Of,2,
100,0000000391,3000,hg,2,
100,0000000444,5000,IB,2,
100,0000000280,2000,Gc,5,
100,0000001628,2000,AZ,1,
100,0000000085,2000,Uj,1,
100,0000000466,1000,CU,4,
100,0000000815,4000,rX,3,
100,0000001439,5000,JK,5,
100,0000001633,3000,sR,0,
100,0000000042,4000,KN,3,
100,0000000710,3000,Zx,2,
100,0000001681,1000,UR,2,
100,0000001336,1000,Et,5,
100,0000000347,2000,NO,5,
100,0000000047,2000,Dv,0,
100,0000000136,3000,NT,5,
100,0000001986,5000,Xa,1,
100,0000000404,5000,Ci,0,
100,0000000467,3000,og,1,
100,0000000008,5000,Mg,4,
100,0000001647,1000,Gh,3,
100,0000001419,1000,PQ,3,
100,0000001210,2000,Hj,4,
100,0000000905,1000,xR,0,
100,0000000569,4000,IQ,1,
100,0000001367,1000,Am,4,
100,0000000454,1000,Mq,4,
100,0000001666,3000,hs,5,
100,0000001609,3000,uY,3,
100,0000000633,5000,BQ,1,
100,0000001324,1000,PA,2,
100,0000001947,1000,zd,2,
100,0000001098,2000,aS,0,
100,0000001195,3000,ZT,4,
100,0000000700,1000,mQ,2,
100,0000001960,4000,eH,2,
100,0000000774,1000,oI,4,
100,0000000502,2000,VV,5,
100,0000001509,2000,Lf,3,
100,0000001781,2000,JQ,5,
100,0000001061,5000,Xn,5,
100,0000001788,2000,pk,3,
100,0000000241,3000,Pc,0,
100,0000000327,2000,Cv,4,
100,0000000905,3000,Ky,4,
100,0000001292,1000,Wq,4,
100,0000001036,2000,Ld,3,
100,0000000686,4000,UF,4,
100,0000000663,1000,rh,0,
100,0000001392,4000,WP,3,
100,0000000951,4000,qr,4,
100,0000001506,4000,Qd,4,
100,0000001800,3000,GE,3,
100,0000000970,3000,oM,4,
100,0000000280,2000,UU,0,
100,0000001474,1000,mV,2,
100,0000000961,1000,sa,5,
100,0000001528,4000,Bj,5,
100,0000000626,2000,jK,5,
100,0000000207,2000,WA,0,
100,0000001794,1000,mA,0,
100,0000001998,2000,wM,0,
100,0000001115,1000,gN,1,
100,0000000195,4000,yE,0,
100,0000001553,1000,YD,3,
100,0000000977,3000,lM,2,
100,0000000033,2000,KL,4,
100,0000001348,4000,LP,5,
100,0000000623,1000,Cv,3,
100,0000000029,3000,tS,5,
100,0000000857,1000,bm,1,
100,0000000306,4000,hj,0,
100,0000000781,4000,gu,5,
100,0000001485,2000,rN,4,
100,0000000664,5000,Xr,0,
100,0000001256,1000,dl,0,
100,0000000125,1000,FP,3,
100,0000001434,1000,oz,0,
100,0000000764,1000,vH,4,
100,0000000591,2000,nC,2,
100,0000001906,4000,GO,3,
100,0000001473,4000,la,4,
100,0000000363,1000,UC,1,
100,0000001680,2000,jc,1,
100,0000000257,4000,bG,4,
200,0000000115,5000,sM,1,
100,0000001125,1000,mz,5,
100,0000001280,3000,PW,0,
100,0000000672,3000,vL,2,
100,0000001615,4000,kT,3,
100,0000001024,3000,Lp,5,
100,0000000023,4000,PN,4,
100,0000000978,3000,cc,5,
100,0000001652,1000,Yg,0,
100,0000001012,4000,pI,0,
100,0000001607,5000,Ll,3,
100,0000001659,5000,qp,5,
100,0000000678,2000,hs,1,
100,0000000366,5000,Za,4,
100,0000001995,4000,mj,2,
100,0000001505,3000,GZ,3,
100,0000000825,3000,wH,3,
100,0000000851,3000,tz,0,
100,0000001854,3000,yd,4,
100,0000000099,1000,wA,3,
100,0000000401,5000,Mv,3,
100,0000000912,1000,NU,1,
100,0000000721,1000,Ds,3,
100,0000000471,2000,cx,2,
100,0000001124,1000,nm,1,
100,0000001667,2000,yH,3,
100,0000001753,4000,dp,0,
100,0000001134,5000,Ll,0,
100,0000001797,4000,Fr,0,
100,0000000293,2000,IB,2,
100,0000001870,2000,Jk,2,
100,0000000793,2000,Fb,0,
100,0000000135,1000,Ma,1,
100,0000001285,1000,Xp,3,
100,0000001733,5000,Zc,5,
100,0000001789,1000,ml,3,
100,0000001799,4000,Od,2,
100,0000000473,5000,Im,1,
100,0000001604,2000,fi,1,
100,0000000394,4000,yI,3,
100,0000001068,4000,Hq,4,
100,0000000759,4000,zA,2,
100,0000001210,1000,BL,4,
100,0000000701,5000,lD,1,
100,0000000154,3000,RO,3,
100,0000001622,1000,dU,4,
100,0000000384,5000,Zx,0,
100,0000000867,2000,iw,3,
100,0000001511,5000,Jr,3,
100,0000000483,2000,Ge,1,
100,0000001427,4000,pS,1,
100,0000000354,1000,Wz,1,
100,0000000562,4000,Ts,3,
100,0000000903,1000,wm,3,
100,0000000285,3000,GX,2,
100,0000001130,1000,MW,5,
100,0000000082,5000,jr,3,
100,0000000217,4000,ap,3,
100,0000000114,2000,Ic,4,
100,0000001692,2000,mL,2,
100,0000001789,3000,Fc,0,
100,0000001426,2000,eu,3,
100,0000001345,4000,Jn,1,
100,0000001497,4000,ci,3,
100,0000001588,4000,By,4,
100,0000001442,3000,Ri,3,
100,0000001939,1000,RW,5,
100,0000000759,4000,Oa,3,
100,0000000375,3000,HA,2,
100,0000001869,2000,CW,3,
100,0000000030,5000,Gg,1,
100,0000001297,1000,mq,1,
100,0000001461,4000,zz,4,
100,0000001000,3000,Tv,5,
100,0000001048,4000,DL,5,
100,0000001842,3000,ud,3,
100,0000000950,1000,lW,5,
100,0000000808,4000,fS,1,
100,0000001904,1000,aI,4,
100,0000001198,5000,RZ,5,
100,0000001796,4000,IV,4,
100,0000001410,2000,XD,1,
100,0000000278,2000,Ah,2,
100,0000000253,2000,rO,2,
100,0000000304,1000,AN,1,
100,0000001355,5000,gr,0,
200,0000000558,1000,lN,2,
100,0000001358,4000,dC,4,
100,0000001433,4000,vD,3,
100,0000000871,4000,wP,1,
100,0000000519,5000,iF,1,
100,0000001993,2000,iJ,4,
100,0000000765,3000,wo,5,
100,0000001355,3000,yd,0,
100,0000001560,4000,jT,0,
100,0000000029,3000,DV,5,
100,0000000946,4000,Bc,4,
100,0000000800,3000,CK,4,
100,0000001967,5000,Fh,4,
100,0000001966,1000,NE,1,
100,0000000817,5000,sM,3,
100,0000001956,1000,SO,5,
100,0000001192,2000,sw,1,
100,0000001536,2000,yC,3,
100,0000000893,1000,fw,0,
100,0000000283,2000,ed,2,
100,0000001231,5000,eL,0,
100,0000000128,2000,wg,4,
100,0000000283,4000,hn,5,
100,0000001692,1000,po,4,
100,0000001378,3000,nG,1,
100,0000001390,5000,Jb,1,
100,0000000521,5000,JK,4,
100,0000000227,1000,Mu,1,
100,0000001907,3000,DZ,1,
100,0000000820,1000,YP,5,
100,0000000672,2000,qF,5,
100,0000000292,2000,Ua,4,
100,0000001198,5000,FW,2,
100,0000001220,1000,ji,0,
100,0000001003,5000,fE,1,
100,0000000252,5000,YH,2,
100,0000000205,3000,ga,0,
100,0000000381,5000,da,3,
100,0000001291,5000,OK,1,
100,0000000564,3000,wg,0,
100,0000001282,1000,nQ,2,
100,0000001967,5000,fI,1,
100,0000001941,2000,Fc,0,
100,0000000011,3000,DH,3,
100,0000001643,1000,bW,3,
100,0000000180,1000,wX,3,
100,0000001922,5000,rT,0,
100,0000001150,3000,Zt,5,
100,0000000914,4000,FP,4,
100,0000001324,2000,li,1,
100,0000000941,1000,Qd,3,
200,0000000889,2000,VY,5,
100,0000001131,5000,VF,2,
100,0000001377,5000,lx,5,
100,0000001613,2000,NX,4,
100,0000000315,5000,oG,2,
100,0000000751,4000,Fm,1,
100,0000000403,3000,JF,3,
100,0000001316,2000,ke,4,
100,0000000341,3000,OI,2,
100,0000000771,4000,BX,1,
100,0000000961,2000,IS,1,
100,0000000246,4000,ES,2,
100,0000001207,5000,hf,1,
100,0000001377,4000,yv,2,
100,0000000506,2000,YE,5,
100,0000000537,3000,fV,2,
100,0000000595,4000,pL,0,
100,0000001195,1000,Nd,4,
100,0000001532,2000,ZD,2,
100,0000001029,4000,Iy,5,
100,0000001872,2000,QV,5,
100,0000001804,2000,bL,4,
100,0000001278,3000,lm,3,
100,0000000798,4000,ke,0,
100,0000001965,4000,dQ,0,
100,0000000398,5000,eh,5,
100,0000001790,3000,YT,4,
100,0000000392,4000,KK,5,
100,0000001873,1000,NN,3,
100,0000001130,5000,Th,5,
100,0000000483,3000,fD,2,
100,0000000644,5000,vn,0,
100,0000000090,5000,rq,1,
100,0000000435,2000,VN,4,
100,0000000927,4000,vl,0,
100,0000000107,5000,cP,4,
100,0000001781,3000,WT,0,
100,0000000890,5000,bx,3,
100,0000000490,3000,VG,5,
100,0000001941,5000,Ar,5,
100,0000001691,1000,Xd,4,
100,0000001568,1000,SQ,0,
100,0000001888,1000,CQ,0,
100,0000001683,1000,VX,0,
100,0000001637,1000,OT,0,
200,0000000245,5000,HH,3,
100,0000001883,1000,Oj,2,
100,0000001713,5000,ul,0,
100,0000001352,1000,Ys,2,
100,0000001470,3000,Ws,5,
100,0000001907,3000,cF,2,
100,0000000497,3000,ks,2,
100,0000000394,1000,SO,1,
100,0000001690,2000,mw,5,
100,0000001357,2000,rg,1,
100,0000001613,3000,wi,5,
100,0000000640,1000,XG,4,
100,0000001993,1000,FI,4,
100,0000000059,2000,dw,4,
100,0000001116,3000,eq,3,
100,0000001738,2000,lm,0,
100,0000001242,2000,eO,0,
100,0000000945,3000,Bb,3,
100,0000001397,4000,mC,3,
100,0000000648,3000,ZB,0,
100,0000000187,4000,Md,2,
100,0000001504,1000,dy,2,
100,0000001626,5000,wQ,3,
100,0000000739,5000,Mv,0,
100,0000001166,3000,SD,0,
100,0000001141,3000,Xz,3,
100,0000000070,1000,jY,4,
100,0000000764,1000,fK,3,
100,0000001704,2000,FQ,3,
100,0000000055,1000,Kz,2,
100,0000001347,2000,Uq,2,
100,0000001216,1000,en,3,
100,0000001371,2000,PN,0,
100,0000001169,5000,xx,5,
100,0000000483,1000,xu,4,
100,0000001528,4000,Vc,1,
100,0000000616,2000,Cl,1,
100,0000001103,2000,cf,3,
100,0000000678,2000,fN,1,
100,0000001565,2000,ff,2,
100,0000001530,1000,kU,0,
100,0000001880,1000,HV,0,
100,0000001735,3000,kl,2,
100,0000000193,4000,NM,3,
100,0000001355,3000,AA,4,
100,0000001364,5000,Zn,1,
100,0000000264,4000,KM,5,
100,0000000583,3000,Ie,1,
100,0000000311,5000,ts,5,
100,0000001592,1000,Mp,0,
100,0000001868,3000,IF,3,
100,0000000631,2000,ul,1,
100,0000000917,3000,on,3,
100,0000000238,3000,iy,4,
100,0000001475,1000,IH,5,
100,0000001102,2000,Og,5,
100,0000001669,1000,kc,2,
100,0000001306,2000,dm,4,
100,0000001511,1000,tM,5,
100,0000000881,1000,jw,3,
100,0000001233,4000,fF,2,
100,0000000898,4000,bg,1,
100,0000000307,5000,xI,4,
100,0000001294,3000,dB,0,
100,0000000936,2000,kM,1,
100,0000001663,4000,cs,1,
100,0000001931,4000,rR,3,
100,0000000878,2000,Ra,0,
100,0000001807,1000,jQ,5,
100,0000000193,4000,Qt,5,
100,0000000119,4000,xp,0,
100,0000001334,1000,TP,5,
100,0000001832,2000,EF,2,
100,0000001648,1000,QE,3,
100,0000000582,5000,Nj,3,
100,0000001083,4000,Em,5,
100,0000001850,3000,wq,0,
100,0000001080,5000,Zm,5,
100,0000000522,5000,zd,1,
100,0000000299,4000,Bw,2,
100,0000000323,2000,Cz,1,
100,0000000643,3000,Ex,5,
100,0000000900,4000,CQ,5,
100,0000001720,1000,FK,0,
100,0000000031,5000,WJ,3,
100,0000000998,1000,at,0,
100,0000001443,2000,Ea,0,
100,0000001735,4000,OI,2,
100,0000001095,2000,cj,2,
100,0000000623,1000,Zi,4,
100,0000000039,5000,gs,3,
100,0000001983,4000,vT,0,
100,0000001778,5000,uH,1,
100,0000000452,1000,QV,3,
100,0000000649,2000,uS,0,
100,0000001846,3000,nd,3,
100,0000000626,2000,Ha,2,
100,0000000002,2000,ga,3,
100,0000000572,2000,xU,0,
100,0000001907,1000,Pa,2,
100,0000001643,3000,lv,0,
100,0000001564,5000,yc,0,
100,0000001143,4000,zB,1,
100,0000001908,1000,aI,2,
100,0000001372,5000,XZ,1,
100,0000000514,3000,QI,4,
100,0000000376,3000,Ik,0,
100,0000001350,5000,ey,2,
100,0000000533,4000,dp,3,
100,0000001548,5000,hl,5,
200,0000000839,1000,qa,2,
100,0000000454,5000,Cd,1,
100,0000000570,3000,cS,0,
100,0000000497,4000,oZ,0,
100,0000000454,1000,km,3,
100,0000001226,4000,aT,5,
100,0000000052,2000,dW,3,
100,0000000882,3000,wE,1,
100,0000000927,1000,VA,2,
100,0000000713,2000,az,4,
100,0000001677,5000,pJ,2,
100,0000001458,3000,rk,3,
100,0000001299,1000,dV,4,
100,0000000913,1000,lz,5,
200,0000000986,5000,hX,2,
100,0000001794,4000,vd,3,
100,0000000888,2000,cG,3,
100,0000001915,3000,bX,4,
100,0000001951,1000,sn,1,
100,0000000278,2000,Dj,3,
100,0000000702,3000,nh,4,
100,0000000915,4000,gZ,4,
100,0000001715,1000,oh,0,
100,0000001744,3000,ah,1,
100,0000000730,2000,At,2,
100,0000001833,2000,LO,0,
100,0000001538,3000,Qi,0,
100,0000001703,2000,kN,5,
100,0000001751,3000,Sp,5,
100,0000000844,3000,ZO,0,
100,0000001530,5000,tN,4,
100,0000000399,1000,aV,2,
100,0000001477,4000,YZ,1,
100,0000001202,5000,Rj,4,
100,0000000348,2000,zl,0,
100,0000000282,3000,qy,2,
100,0000001637,1000,dJ,4,
100,0000000863,2000,le,3,
100,0000001575,5000,ry,2,
100,0000000591,4000,SD,5,
100,0000001034,3000,hz,0,
100,0000000681,3000,Di,4,
100,0000001623,5000,JH,3,
100,0000000966,3000,ym,1,
100,0000000472,2000,Bc,4,
100,0000000828,1000,tS,4,
100,0000001630,2000,sF,4,
100,0000001980,3000,fg,5,
100,0000000173,4000,pd,2,
100,0000000887,4000,KB,5,
100,0000001131,3000,og,4,
100,0000000299,4000,AI,2,
100,0000001397,2000,kG,5,
100,0000001082,1000,YT,5,
100,0000000302,1000,CJ,3,
100,0000001627,2000,bm,5,
100,0000000809,3000,gh,0,
100,0000000072,1000,vl,2,
100,0000000281,4000,ax,4,
100,0000001573,2000,Ss,4,
100,0000000651,1000,SO,5,
100,0000001697,1000,KE,0,
100,0000001231,5000,Zh,1,
100,0000000732,2000,Jd,1,
100,0000001066,4000,Tk,2,
100,0000000820,2000,Jz,2,
100,0000000519,3000,qW,5,
100,0000000425,1000,Na,4,
100,0000000307,3000,CV,0,
100,0000000531,1000,TJ,4,
100,0000001212,5000,Ji,1,
100,0000000800,2000,Dk,3,
100,0000000419,2000,EA,1,
100,0000001568,1000,oU,4,
100,0000001041,1000,XG,0,
100,0000001370,4000,fT,3,
100,0000001965,5000,Ef,2,
100,0000000873,1000,Bq,0,
100,0000000897,4000,CL,3,
100,0000001230,2000,bv,0,
100,0000001459,4000,UH,0,
100,0000000600,3000,gY,5,
200,0000000233,1000,tX,1,
100,0000001343,2000,FX,4,
100,0000000761,3000,hk,1,
100,0000000666,2000,NP,5,
100,0000001630,5000,UN,1,
100,0000000843,4000,yb,2,
100,0000001895,3000,lE,2,
100,0000000210,1000,tD,5,
100,0000000725,3000,YQ,1,
100,0000001663,4000,Id,3,
100,0000000514,3000,iJ,4,
100,0000000749,1000,QQ,5,
100,0000000105,3000,mj,5,
100,0000001632,3000,SY,1,
100,0000001505,1000,dg,2,
100,0000001330,1000,Eg,1,
100,0000000682,5000,iE,2,
100,0000001909,2000,UW,3,
100,0000001324,4000,NH,1,
100,0000000788,5000,Zm,3,
100,0000000866,5000,pV,4,
100,0000000976,4000,ZB,3,
100,0000001071,2000,qD,2,
100,0000000720,3000,Tk,5,
100,0000001351,4000,kG,4,
100,0000001032,3000,bG,1,
100,0000000469,3000,vd,2,
100,0000000638,5000,tO,4,
100,0000000392,3000,fF,0,
100,0000000993,3000,vw,2,
100,0000001356,1000,LR,3,
100,0000001137,4000,Oo,2,
100,0000001258,1000,hD,4,
100,0000000614,5000,aJ,1,
100,0000000239,5000,Hq,0,
100,0000001179,3000,BC,5,
100,0000000704,3000,iK,0,
100,0000000079,2000,Hn,5,
100,0000001419,2000,vK,4,
100,0000000144,3000,Gu,0,
100,0000001193,5000,vg,0,
100,0000001376,3000,YJ,0,
100,0000000407,3000,aI,2,
100,0000000794,5000,db,1,
100,0000000333,5000,JY,4,
100,0000000993,4000,sn,2,
100,0000001004,5000,PQ,2,
100,0000001559,1000,oz,5,
100,0000000474,3000,pz,1,
100,0000001344,3000,cC,5,
100,0000001443,1000,kb,0,
100,0000001309,1000,Oc,0,
100,0000000809,2000,Wo,4,
100,0000001511,1000,Yy,4,
100,0000001453,2000,up,3,
100,0000000410,3000,OD,4,
100,0000001729,1000,im,1,
100,0000000793,4000,Ub,4,
100,0000000809,4000,dw,4,
100,0000001975,3000,Ne,3,
100,0000000639,1000,kM,3,
100,0000000174,1000,AF,0,
100,0000001246,4000,zE,2,
100,0000001176,1000,Gp,3,
100,0000001459,4000,xI,3,
100,0000001489,3000,aJ,1,
100,0000000479,5000,pz,5,
100,0000001463,5000,lS,0,
100,0000001554,5000,LV,3,
100,0000000874,4000,sw,5,
100,0000001818,2000,Ey,2,
100,0000001074,5000,Ci,2,
100,0000001453,4000,zP,4,
100,0000000991,3000,Hd,3,
100,0000000800,5000,rm,3,
100,0000001748,3000,WM,4,
100,0000001247,5000,ir,4,
100,0000000963,5000,km,4,
100,0000000177,3000,nW,1,
100,0000000246,1000,gG,1,
100,0000001258,1000,rR,0,
100,0000000755,3000,nM,2,
100,0000001786,2000,sz,0,
100,0000000481,4000,ZF,2,
100,0000001003,3000,IH,5,
100,0000000279,2000,qR,5,
100,0000001094,5000,RL,1,
100,0000001175,1000,dx,2,
100,0000000344,5000,tL,2,
100,0000001335,5000,Af,1,
100,0000000421,2000,OM,2,
100,0000000874,2000,RF,1,
100,0000000261,5000,wp,0,
100,0000001728,3000,UL,0,
100,0000000432,5000,jB,1,
100,0000000975,4000,kz,1,
100,0000000246,2000,AS,1,
100,0000001884,5000,Cl,2,
100,0000001130,4000,Dp,4,
100,0000000354,1000,pZ,0,
100,0000001578,3000,uh,0,
100,0000001691,2000,uz,3,
100,0000001365,1000,NV,5,
100,0000001246,2000,sC,1,
100,0000001437,3000,rX,2,
100,0000000458,5000,YU,1,
100,0000001506,1000,ub,3,
100,0000000120,3000,oF,4,
100,0000000373,2000,Lg,0,
100,0000000971,2000,kC,4,
100,0000001744,3000,Ge,2,
100,0000000835,5000,CV,5,
100,0000001456,2000,hB,2,
100,0000001242,1000,gS,0,
100,0000001983,2000,dV,5,
100,0000000696,3000,BH,3,
100,0000001146,5000,ik,1,
100,0000000703,4000,yU,1,
100,0000000586,1000,af,1,
100,0000000517,5000,Yh,5,
100,0000000518,5000,wD,3,
100,0000001939,5000,Yx,0,
100,0000001396,4000,jE,4,
100,0000000645,3000,RI,4,
100,0000000931,1000,il,3,
100,0000001066,2000,oz,0,
100,0000000416,1000,fK,2,
100,0000001241,3000,Hp,1,
100,0000000607,5000,bf,4,
100,0000000378,2000,yh,3,
100,0000001378,4000,ML,4,
100,0000000040,5000,Se,5,
100,0000001253,5000,ne,2,
100,0000000310,4000,Pv,5,
100,0000001385,4000,fj,0,
100,0000000306,1000,vt,0,
100,0000001555,3000,Un,4,
100,0000000167,1000,GS,3,
100,0000001076,2000,hX,3,
100,0000000163,2000,Fq,5,
100,0000001389,3000,UX,1,
100,0000000133,5000,gk,3,
100,0000001959,4000,sC,0,
100,0000000680,5000,TE,2,
100,0000000178,2000,NM,3,
100,0000000996,4000,wm,4,
100,0000001463,3000,hs,1,
100,0000001996,5000,CD,0,
100,0000001565,1000,UD,4,
100,0000001380,1000,JM,1,
100,0000001691,2000,KB,4,
100,0000001915,2000,uZ,4,
100,0000000371,5000,wG,0,
100,0000000393,5000,LX,4,
100,0000000539,3000,tB,4,
100,0000000563,4000,WD,3,
100,0000001565,1000,Rp,0,
100,0000000853,1000,tl,0,
100,0000001484,5000,Hi,2,
100,0000001250,4000,xJ,3,
100,0000001305,4000,aa,4,
100,0000001052,5000,rt,4,
100,0000000882,1000,vG,1,
100,0000001917,5000,sZ,5,
100,0000000814,2000,mc,4,
100,0000000349,1000,ra,0,
100,0000001025,5000,wH,5,
100,0000000973,4000,KE,2,
100,0000000535,5000,Ro,5,
100,0000001275,4000,TP,2,
100,0000000215,1000,Io,1,
100,0000000202,1000,Bv,5,
100,0000001391,3000,Eo,3,
100,0000001011,2000,vh,4,
100,0000001454,1000,Ng,5,
100,0000001606,3000,ku,3,
100,0000000687,4000,gM,4,
100,0000001641,1000,yW,1,
100,0000000487,4000,JZ,1,
100,0000001647,3000,sS,1,
100,0000001058,5000,sO,5,
100,0000000312,1000,Ui,0,
100,0000001210,4000,oB,1,
100,0000001191,1000,Yy,5,
100,0000001411,5000,QK,0,
100,0000001738,5000,FD,2,
100,0000000242,2000,cP,0,
100,0000000724,1000,QO,1,
100,0000000372,4000,RC,2,
100,0000001401,1000,Np,2,
100,0000001650,5000,wN,5,
100,0000000577,5000,gk,0,
100,0000001606,4000,jN,5,
100,0000001238,4000,Zm,5,
100,0000000338,4000,pS,3,
100,0000000051,4000,rH,2,
100,0000000053,2000,EY,5,
100,0000001239,3000,Lw,5,
100,0000001307,3000,aW,3,
100,0000000255,2000,pU,1,
100,0000001626,4000,lc,1,
100,0000001666,1000,Mr,4,
100,0000001031,2000,pZ,5,
100,0000000538,4000,Sd,1,
100,0000000461,1000,NM,1,
100,0000001283,1000,Yt,3,
100,0000001328,1000,JI,5,
100,0000000183,5000,zU,3,
100,0000001516,4000,TW,5,
100,0000000961,2000,tk,5,
100,0000000512,1000,LX,2,
100,0000000342,1000,HL,2,
100,0000000168,1000,gj,5,
100,0000001582,2000,lj,0,
100,0000000151,2000,kE,3,
100,0000001158,5000,br,3,
100,0000001844,3000,Wv,0,
100,0000001652,2000,rq,1,
100,0000000602,4000,eo,0,
100,0000000709,5000,um,4,
100,0000001071,1000,wz,3,
100,0000001273,4000,MP,0,
100,0000000861,4000,Yr,4,
100,0000000274,2000,zP,0,
100,0000000561,3000,kQ,4,
100,0000001336,4000,EJ,1,
100,0000001337,5000,FE,0,
100,0000000120,2000,YI,0,
100,0000001334,5000,Ze,1,
100,0000001699,2000,xG,3,
100,0000000266,1000,ZI,3,
100,0000001540,2000,RY,3,
100,0000001650,4000,Fa,5,
100,0000001944,3000,Re,0,
100,0000000001,5000,Gg,4,
100,0000001717,5000,NQ,1,
100,0000000204,2000,Yl,4,
100,0000000953,3000,Dm,0,
100,0000001529,3000,iz,1,
100,0000001954,4000,KS,5,
100,0000001229,4000,dw,5,
100,0000001783,2000,kv,2,
100,0000000122,3000,vf,4,
200,0000001567,4000,jF,4,
100,0000001789,4000,cG,2,
100,0000000215,1000,gQ,1,
100,0000000688,4000,QK,5,
100,0000000087,2000,Sp,5,
100,0000000900,4000,jC,4,
100,0000000586,5000,TU,2,
100,0000001782,3000,UC,1,
100,0000001911,4000,IT,4,
100,0000000144,1000,YU,0,
100,0000001134,2000,XT,2,
100,0000000167,2000,yV,4,
100,0000000958,5000,GY,3,
100,0000001308,1000,ag,0,
100,0000000697,4000,xA,4,
100,0000000172,2000,hs,4,
100,0000000264,1000,Nb,3,
100,0000000276,1000,UQ,4,
100,0000001737,3000,qw,3,
100,0000000605,5000,Gb,3,
100,0000001108,5000,DM,2,
100,0000000384,4000,Pw,4,
100,0000001745,5000,TM,5,
100,0000000761,3000,hC,4,
100,0000000798,1000,VG,2,
100,0000001219,2000,by,4,
100,0000000788,3000,RC,1,
100,0000000711,3000,Ko,2,
100,0000000822,1000,MF,5,
100,0000000481,4000,Pe,4,
100,0000000219,1000,xb,3,
100,0000001171,3000,sT,5,
100,0000001424,1000,Zh,2,
100,0000000424,4000,oM,2,
100,0000001330,5000,tE,0,
100,0000000942,4000,Sl,1,
100,0000000586,2000,Lm,2,
100,0000000345,4000,FE,2,
100,0000001018,3000,bn,0,
100,0000001097,3000,vz,1,
100,0000001120,2000,SJ,3,
100,0000001363,5000,oV,5,
100,0000000699,3000,GA,5,
100,0000000673,1000,Rv,4,
100,0000000990,4000,LJ,4,
100,0000001773,1000,yG,0,
100,0000000117,2000,OK,4,
100,0000001599,2000,nF,2,
100,0000001067,4000,DJ,1,
100,0000001190,4000,AI,5,
100,0000000158,1000,nm,4,
100,0000000213,3000,Bu,1,
100,0000000370,3000,JT,4,
100,0000001240,3000,jD,4,
100,0000000109,1000,DN,4,
100,0000001426,1000,Lk,0,
100,0000000133,5000,Cq,4,
100,0000000696,1000,lj,3,
100,0000001640,5000,Iu,1,
100,0000000830,4000,Nw,4,
100,0000000837,4000,XH,1,
100,0000001843,2000,FL,5,
100,0000000339,5000,PM,3,
100,0000001524,3000,Oj,0,
100,0000001769,2000,mk,5,
100,0000001557,4000,Wf,2,
100,0000001853,4000,Se,1,
100,0000001790,4000,NI,4,
100,0000000378,1000,Li,3,
100,0000001350,5000,ge,5,
100,0000000545,1000,OC,0,
100,0000000640,3000,hB,4,
100,0000001044,2000,lo,2,
100,0000001450,1000,GZ,0,
100,0000001983,2000,iz,4,
100,0000000855,1000,gC,1,
100,0000000356,5000,xw,5,
100,0000001117,1000,uO,4,
100,0000000550,4000,ct,2,
100,0000001768,2000,Kl,4,
100,0000000810,1000,GK,2,
100,0000001617,4000,LL,2,
100,0000000363,5000,Sa,2,
100,0000000459,1000,cY,4,
100,0000001840,1000,Nz,4,
100,0000000762,1000,gr,5,
100,0000001132,5000,FD,3,
100,0000000721,1000,vx,4,
100,0000000268,5000,VA,1,
100,0000000581,3000,cI,5,
100,0000001446,2000,Gp,3,
100,0000001931,4000,WJ,0,
100,0000001108,2000,ch,1,
100,0000000107,3000,zW,2,
100,0000001613,4000,an,5,
100,0000001682,1000,Ez,0,
100,0000001307,2000,rR,3,
100,0000001650,2000,Sx,3,
100,0000001311,1000,Xi,5,
100,0000000076,5000,rF,3,
100,0000001617,3000,sx,1,
100,0000000708,3000,mr,5,
100,0000001790,3000,CW,2,
100,0000001281,2000,mW,5,
100,0000001383,2000,xx,4,
100,0000000108,1000,Dh,0,
100,0000001344,2000,Vn,5,
100,0000000042,1000,LG,4,
100,0000000298,4000,Li,2,
100,0000001416,2000,Bo,5,
100,0000001294,5000,Uo,1,
100,0000000518,2000,WA,5,
100,0000001056,1000,Uw,4,
100,0000001156,4000,ax,3,
100,0000001169,1000,sp,0,
100,0000001189,2000,hw,0,
100,0000001802,2000,bt,4,
100,0000001195,3000,GF,0,
100,0000000301,5000,To,5,
100,0000000291,1000,FX,1,
100,0000000347,5000,hi,0,
100,0000001536,5000,wz,2,
100,0000000408,3000,mH,1,
100,0000001959,1000,BW,3,
100,0000001194,3000,qp,3,
200,0000000163,4000,dX,2,
100,0000000100,4000,HZ,1,
100,0000000679,2000,wH,4,
100,0000001988,2000,YC,4,
100,0000000866,1000,Mv,1,
100,0000001959,2000,tf,2,
100,0000001084,1000,tj,2,
100,0000000032,2000,Zt,0,
100,0000001459,5000,qN,2,
100,0000001044,5000,Tn,1,
100,0000000997,4000,yJ,2,
100,0000000965,4000,Qp,5,
100,0000000223,1000,lC,0,
100,0000001603,3000,Ni,0,
100,0000001569,5000,kt,3,
100,0000001174,1000,EC,4,
100,0000000630,3000,Cm,4,
100,0000001552,3000,AZ,5,
100,0000000674,2000,Dn,4,
100,0000000964,1000,Ai,2,
100,0000001596,1000,cx,0,
100,0000000371,4000,Yf,0,
100,0000000507,1000,IW,0,
100,0000001933,5000,JF,4,
100,0000000747,1000,hs,2,
100,0000000475,5000,wm,5,
100,0000001683,4000,Ux,2,
100,0000000951,2000,gH,1,
100,0000001646,4000,kN,1,
100,0000000003,3000,Hz,3,
100,0000000074,3000,cl,2,
100,0000000899,4000,dY,5,
100,0000000168,5000,hb,0,
100,0000000123,4000,mw,1,
100,0000001813,3000,Yh,2,
100,0000001337,2000,na,4,
100,0000001979,4000,Xh,1,
100,0000000697,3000,XR,4,
100,0000001781,1000,zy,5,
100,0000000811,5000,sM,2,
100,0000000851,4000,Eg,1,
100,0000001281,4000,Yi,0,
100,0000000786,1000,oA,1,
100,0000000120,2000,Mq,3,
100,0000001003,4000,TQ,5,
100,0000001844,3000,oG,3,
100,0000001733,4000,xU,1,
100,0000000514,3000,EX,4,
100,0000000230,4000,pq,5,
100,0000001376,2000,LP,2,
100,0000001105,1000,uf,2,
100,0000000693,3000,xq,5,
100,0000000630,2000,Nt,3,
100,0000001877,1000,gR,5,
100,0000001667,1000,ya,5,
100,0000000072,1000,pg,2,
100,0000001377,3000,HB,0,
100,0000000978,3000,qT,2,
100,0000000897,1000,dl,3,
100,0000001499,3000,dZ,3,
100,0000001941,2000,nq,5,
100,0000000640,3000,tt,0,
100,0000000235,4000,TP,3,
100,0000000611,5000,xL,5,
100,0000001801,2000,Bb,3,
100,0000000677,3000,SJ,2,
100,0000000670,2000,jE,2,
100,0000000223,2000,tQ,0,
100,0000001673,1000,iu,4,
100,0000001194,4000,XS,5,
100,0000000472,3000,gK,0,
100,0000001319,1000,qp,1,
100,0000001977,3000,DG,0,
100,0000001868,4000,GV,4,
100,0000000691,5000,pt,3,
100,0000001729,4000,Rf,4,
100,0000000564,2000,WL,0,
100,0000000342,4000,nb,1,
100,0000000055,4000,eY,3,
100,0000000636,2000,So,5,
100,0000000340,2000,iq,0,
100,0000001809,5000,SC,3,
100,0000000423,2000,sk,3,
100,0000001662,3000,yJ,3,
100,0000000995,3000,EX,5,
100,0000000492,4000,mX,0,
100,0000001685,1000,ol,5,
100,0000001001,2000,Jx,1,
100,0000001660,1000,AE,3,
100,0000001691,5000,HX,1,
100,0000000271,5000,mK,3,
100,0000000600,1000,Qu,2,
100,0000000748,4000,Bj,1,
100,0000000741,4000,lj,0,
100,0000001823,2000,oR,0,
100,0000000499,2000,nu,1,
100,0000001810,1000,EV,3,
100,0000000361,1000,Ex,1,
100,0000001881,2000,xI,5,
100,0000001768,1000,yF,0,
100,0000000254,2000,RI,2,
100,0000000919,1000,FJ,1,
100,0000001572,5000,NA,4,
100,0000000997,1000,YW,5,
100,0000001173,4000,Us,1,
100,0000001397,2000,Lk,3,
100,0000001040,3000,Kx,1,
100,0000001433,3000,aB,4,
100,0000001374,2000,Uj,4,
100,0000001887,2000,gj,3,
100,0000000070,3000,dV,0,
100,0000001545,3000,CU,4,
100,0000001001,5000,zW,3,
100,0000000050,1000,Dj,3,
100,0000001409,1000,AA,4,
100,0000001420,2000,lj,2,
100,0000000753,1000,bA,2,
100,0000000847,1000,Ia,1,
100,0000001663,4000,iI,5,
100,0000000205,4000,Eu,5,
100,0000000365,1000,cU,0,
100,0000000956,1000,zB,0,
100,0000000342,1000,MK,2,
100,0000001046,3000,XK,3,
100,0000001403,5000,mS,5,
100,0000001432,2000,em,4,
100,0000000591,2000,Js,4,
100,0000000319,1000,WU,0,
100,0000001921,2000,yp,1,
100,0000000784,4000,kJ,3,
100,0000001262,4000,iP,5,
100,0000001752,3000,QO,3,
100,0000001032,3000,vO,4,
100,0000000178,3000,wp,0,
100,0000001882,2000,cZ,3,
100,0000000736,5000,Xg,4,
100,0000001273,3000,iw,4,
100,0000001325,3000,yX,5,
100,0000001588,4000,Om,1,
100,0000001985,1000,Nz,0,
100,0000000090,2000,cE,3,
100,0000001243,5000,gu,5,
100,0000000140,4000,GA,2,
100,0000001073,5000,GH,5,
100,0000001140,5000,PP,5,
100,0000000216,5000,Fy,0,
100,0000000680,1000,WD,4,
100,0000000461,2000,zr,5,
100,0000000677,4000,Zl,5,
100,0000001005,4000,Te,5,
100,0000000447,4000,NG,0,
100,0000000155,1000,aU,3,
100,0000001889,1000,pK,2,
100,0000001613,3000,TK,4,
100,0000001690,1000,fK,2,
100,0000001849,3000,nO,3,
100,0000001034,1000,Fj,1,
100,0000000236,1000,ZO,1,
100,0000000832,3000,Iy,5,
100,0000001235,1000,DY,5,
100,0000000213,2000,Rh,4,
100,0000001030,4000,yg,3,
