BP_NUMBER,PURCH_ORG,INCOTERMS,PAYMENT_TERMS,CURRENCY
0000000585,PO05,DAP,,EUR
0000000362,PO03,DAP,,AUD
0000001626,PO01,DAT,,USD
0000000622,PO02,CFR,,AUD
0000001051,PO03,DAT,,CHF
0000001810,PO05,FOB,,KRW
0000001958,PO05,DAP,,KRW
0000000754,PO05,CIF,,BRL
0000001619,PO04,CIP,,CHF
0000000340,PO03,DAT,,KRW
0000001501,PO04,DAP,,GBP
0000001515,PO02,CPT,,CHF
0000001303,PO01,CIF,,CHF
0000000516,PO04,FCA,,KRW
0000001024,PO02,CFR,,GBP
0000000627,PO02,CPT,,USD
0000000635,PO03,CPT,,GBP
0000001776,PO03,FCA,,USD
0000000292,PO02,DAT,,GBP
0000000656,PO05,FCA,,CNY
0000001521,PO03,FOB,,KRW
0000001918,PO01,DAP,,CNY
0000001071,PO04,CIP,,GBP
0000001226,PO03,EXW,,GBP
0000000737,PO05,FCA,,KRW
0000000452,PO05,DDP,,EUR
0000001120,PO05,FOB,,AUD
0000000032,PO01,DAT,,AUD
0000000552,PO04,CIP,,USD
0000001470,PO03,CIF,,AUD
0000000249,PO05,FOB,,CAD
0000001253,PO03,DAP,,KRW
0000000038,PO05,DAT,,EUR
0000001974,PO04,CIP,,CHF
0000000327,PO04,CFR,,AUD
0000000973,PO01,CIF,,CAD
0000001129,PO04,FCA,,USD
0000000004,PO04,DAT,,AUD
0000001683,PO04,CIP,,AUD
0000001990,PO04,CFR,,USD
0000000105,PO04,DDP,,BRL
0000000019,PO04,DAT,,EUR
0000001540,PO03,DDP,,CAD
0000001982,PO05,CPT,,GBP
0000000729,PO04,CIF,,CAD
0000001869,PO05,CPT,,CHF
0000000952,PO01,DAT,,KRW
0000000296,PO02,DAP,,AUD
0000000698,PO02,CIF,,EUR
0000000860,PO05,CPT,,BRL
0000001390,PO04,CIF,,EUR
0000000087,PO03,EXW,,JPY
0000000054,PO03,FCA,,EUR
0000001945,PO05,DDP,,USD
0000000557,PO05,DDP,,AUD
0000001688,PO03,DDP,,EUR
0000000071,PO01,EXW,,AUD
0000001443,PO01,CPT,,AUD
0000000343,PO05,DDP,,CHF
0000000118,PO01,DAT,,KRW
0000001366,PO04,FOB,,AUD
0000001580,PO05,CFR,,JPY
0000000792,PO01,DDP,,CHF
0000000975,PO04,DAT,,CHF
0000000549,PO03,CIP,,CNY
0000000049,PO01,DAP,,EUR
0000001093,PO05,DAP,,EUR
0000000124,PO02,DAT,,JPY
0000001879,PO03,DAP,,CAD
0000000046,PO05,EXW,,BRL
0000001734,PO02,DDP,,BRL
0000000672,PO02,FOB,,CAD
0000001543,PO03,EXW,,KRW
0000001663,PO04,CPT,,BRL
0000000188,PO05,CIF,,KRW
0000001456,PO02,CIF,,GBP
0000001755,PO01,CIP,,AUD
0000000473,PO05,FCA,,CNY
0000000128,PO03,CIF,,USD
0000000138,PO01,CFR,,BRL
0000001585,PO05,FCA,,USD
0000000386,PO02,CIP,,CHF
0000001971,PO04,FCA,,BRL
0000001604,PO02,DAT,,CNY
0000000111,PO01,DAP,,KRW
0000000277,PO01,CIF,,CAD
0000000532,PO05,CIP,,EUR
0000001634,PO03,DAP,,BRL
0000000759,PO04,FOB,,EUR
0000000769,PO05,CIF,,CAD
0000001175,PO01,EXW,,BRL
0000001150,PO04,CIF,,AUD
0000000134,PO02,CFR,,EUR
0000001885,PO04,CIP,,BRL
0000001930,PO01,CFR,,GBP
0000001715,PO01,DAP,,BRL
0000001427,PO02,CFR,,USD
0000000981,PO04,DDP,,CNY
0000001677,PO04,DDP,,CAD
0000000084,PO04,DAP,,CAD
0000001903,PO01,DAP,,CAD
0000001264,PO05,DDP,,USD
0000001230,PO02,FCA,,CAD
0000000960,PO01,DAP,,GBP
0000001742,PO01,CPT,,AUD
0000001022,PO03,CFR,,BRL
0000001857,PO02,DDP,,KRW
0000001961,PO01,CPT,,BRL
0000000215,PO05,CIF,,USD
0000001586,PO04,FOB,,EUR
0000001030,PO02,DDP,,AUD
0000000930,PO03,CIF,,USD
0000000817,PO01,DAP,,USD
0000001425,PO04,DAT,,KRW
0000000380,PO02,DAP,,CHF
0000000787,PO03,CIF,,USD
0000000629,PO05,DAP,,KRW
0000001341,PO04,DAT,,BRL
0000000455,PO04,CIF,,EUR
0000001211,PO01,DAP,,AUD
0000001966,PO01,CPT,,CAD
0000001081,PO02,CIP,,BRL
0000001636,PO02,CPT,,KRW
0000001170,PO02,CIF,,JPY
0000001986,PO02,CFR,,CHF
0000001496,PO04,CIP,,EUR
0000000409,PO02,CIF,,CAD
0000001360,PO03,FCA,,KRW
0000001364,PO03,CIP,,BRL
0000001813,PO03,FOB,,BRL
0000000947,PO03,EXW,,CNY
0000001977,PO04,CPT,,CAD
0000001183,PO02,CIF,,AUD
0000001064,PO03,EXW,,CNY
0000001275,PO03,CIF,,BRL
0000001198,PO04,CPT,,GBP
0000000966,PO05,DDP,,GBP
0000001336,PO03,FOB,,GBP
0000001837,PO03,CPT,,AUD
0000001301,PO01,EXW,,JPY
0000000713,PO04,EXW,,CNY
0000000157,PO02,DAP,,CNY
0000001776,PO04,CFR,,EUR
0000000955,PO05,FCA,,CAD
0000001458,PO03,CPT,,BRL
0000001726,PO04,DAT,,USD
0000001434,PO02,FOB,,EUR
0000001877,PO01,CIP,,KRW
0000001794,PO04,FOB,,CAD
0000001425,PO01,EXW,,KRW
0000001014,PO05,FCA,,BRL
0000001952,PO04,FOB,,CAD
0000000970,PO04,FCA,,CNY
0000001525,PO04,DDP,,JPY
0000001898,PO03,CFR,,EUR
0000000605,PO03,CIF,,CNY
0000001432,PO04,FCA,,EUR
0000001095,PO03,CFR,,CHF
0000001947,PO03,CFR,,GBP
0000001152,PO03,CIF,,EUR
0000001827,PO03,FOB,,EUR
0000000415,PO03,EXW,,JPY
0000000508,PO01,EXW,,JPY
0000000830,PO05,CPT,,CAD
0000000272,PO01,CFR,,GBP
0000000695,PO01,DAP,,CHF
0000001732,PO04,CPT,,BRL
0000001555,PO02,FCA,,CHF
0000000177,PO02,DDP,,CNY
0000001343,PO01,EXW,,BRL
0000000588,PO02,DDP,,KRW
0000001797,PO03,DAP,,CHF
0000000723,PO02,DDP,,KRW
0000000511,PO02,DAT,,CAD
0000000386,PO03,EXW,,AUD
0000000101,PO05,DAP,,KRW
0000000348,PO02,CPT,,BRL
0000001794,PO05,FCA,,USD
0000001032,PO05,FOB,,AUD
0000000441,PO05,CFR,,CAD
0000000187,PO01,FCA,,CNY
0000001813,PO01,DAT,,CNY
0000001661,PO02,CIF,,USD
0000001086,PO04,CPT,,KRW
0000001355,PO01,DAP,,BRL
0000001937,PO03,EXW,,CHF
0000001428,PO04,FOB,,EUR
0000001252,PO04,CPT,,USD
0000000874,PO04,CPT,,AUD
0000001536,PO05,CIP,,BRL
0000001022,PO01,DAP,,EUR
0000000240,PO02,DAP,,CAD
0000001198,PO03,CFR,,AUD
0000001652,PO03,DAP,,USD
0000000066,PO02,EXW,,USD
0000001589,PO02,CIP,,USD
0000000385,PO02,CIP,,CAD
0000001962,PO03,CIP,,JPY
0000001796,PO01,DAP,,KRW
0000001866,PO03,FCA,,CNY
0000001555,PO01,FOB,,GBP
0000000753,PO04,CIF,,AUD
0000001413,PO04,DDP,,USD
0000001275,PO05,CIF,,AUD
0000001466,PO04,EXW,,CNY
0000001783,PO04,DAP,,BRL
0000001601,PO01,CIP,,KRW
0000001365,PO05,DAT,,JPY
0000001637,PO05,CFR,,CNY
0000001084,PO03,DAT,,CHF
0000001733,PO04,DDP,,CAD
0000000302,PO02,DAT,,AUD
0000000371,PO01,FCA,,CNY
0000001019,PO05,DAT,,CHF
0000001094,PO04,CIP,,CAD
0000001600,PO03,EXW,,GBP
0000001557,PO05,FOB,,AUD
0000000018,PO03,EXW,,EUR
0000001625,PO05,FOB,,AUD
0000000113,PO02,CIF,,KRW
0000001980,PO02,CPT,,JPY
0000001965,PO03,CIF,,CHF
0000000919,PO03,CIF,,CNY
0000000633,PO02,FCA,,CAD
0000001092,PO05,DDP,,USD
0000001838,PO01,CIF,,KRW
0000001439,PO04,CPT,,KRW
0000001819,PO05,CIP,,BRL
0000000339,PO01,CPT,,CAD
0000001538,PO01,CFR,,EUR
0000001434,PO01,EXW,,KRW
0000000581,PO05,DAT,,EUR
0000001153,PO05,FOB,,JPY
0000001946,PO01,CIP,,CHF
0000001931,PO01,CIP,,JPY
0000001886,PO01,FOB,,CNY
0000000367,PO03,DDP,,CHF
0000000663,PO05,CIF,,JPY
0000001805,PO05,CPT,,KRW
0000001357,PO05,FCA,,JPY
0000001343,PO03,CFR,,BRL
0000000157,PO01,FOB,,CAD
0000000629,PO02,DDP,,GBP
0000001403,PO02,DDP,,BRL
0000000168,PO02,CPT,,BRL
0000000366,PO01,CPT,,GBP
0000000508,PO05,FOB,,BRL
0000001367,PO04,FOB,,BRL
0000001731,PO03,CIP,,GBP
0000001301,PO05,FOB,,AUD
0000000598,PO05,CFR,,GBP
0000000879,PO01,CFR,,CAD
0000000678,PO02,CPT,,GBP
0000001816,PO04,DDP,,AUD
0000001163,PO04,CFR,,BRL
0000000407,PO03,CPT,,KRW
0000001258,PO03,CIF,,EUR
0000001016,PO01,DDP,,GBP
0000000082,PO05,FOB,,EUR
0000000778,PO01,EXW,,BRL
0000000509,PO05,CPT,,AUD
0000001082,PO05,CPT,,KRW
0000001623,PO02,CIP,,CHF
0000000639,PO02,FCA,,CAD
0000000870,PO03,CIP,,CAD
0000000301,PO04,CFR,,AUD
0000001653,PO04,FOB,,USD
0000001261,PO02,DDP,,USD
0000000935,PO03,DDP,,AUD
0000000172,PO01,CPT,,USD
0000001074,PO02,EXW,,CHF
0000001499,PO02,CPT,,AUD
0000001777,PO03,CIF,,USD
0000000460,PO05,EXW,,USD
0000001869,PO01,DAT,,EUR
0000001746,PO02,DDP,,EUR
0000001162,PO01,FOB,,KRW
0000001488,PO01,DAP,,CNY
0000001757,PO05,FCA,,GBP
0000001478,PO05,FCA,,BRL
0000000564,PO02,CPT,,AUD
0000001485,PO05,DAT,,EUR
0000001875,PO01,CIP,,CAD
0000000666,PO01,CIP,,CHF
0000000206,PO03,EXW,,GBP
0000001622,PO05,EXW,,EUR
0000001512,PO01,DAT,,KRW
0000000155,PO05,DAT,,CNY
0000001056,PO03,FOB,,GBP
0000001231,PO01,FOB,,EUR
0000001197,PO02,CFR,,CNY
0000001770,PO04,CIP,,CAD
0000000424,PO05,CIP,,CHF
0000000164,PO05,CIP,,AUD
0000000673,PO01,CIP,,GBP
0000001294,PO05,FCA,,GBP
0000000427,PO01,DAP,,BRL
0000001607,PO01,CFR,,CHF
0000001925,PO02,EXW,,GBP
0000001029,PO03,DDP,,GBP
0000000009,PO01,CIP,,JPY
0000000123,PO01,DAT,,CAD
0000001178,PO02,CFR,,CAD
0000000512,PO01,CFR,,USD
0000001338,PO02,EXW,,CNY
0000001936,PO01,CFR,,CAD
0000001563,PO03,DAT,,BRL
0000000755,PO04,FOB,,EUR
0000001705,PO04,EXW,,BRL
0000000770,PO04,EXW,,USD
0000001420,PO02,DDP,,CHF
0000000031,PO05,DAT,,CAD
0000001050,PO04,CPT,,BRL
0000001626,PO02,CIP,,CHF
0000001490,PO05,CFR,,AUD
0000000722,PO01,FCA,,CNY
0000001633,PO05,FCA,,CHF
0000001979,PO03,CIF,,JPY
0000001437,PO02,CPT,,EUR
0000001108,PO03,DAP,,GBP
0000001652,PO04,FOB,,USD
0000000918,PO02,CPT,,JPY
0000000738,PO01,FCA,,CHF
0000001375,PO02,FCA,,USD
0000001683,PO01,FCA,,GBP
0000001021,PO04,CIP,,CNY
0000000672,PO05,CIF,,USD
0000001695,PO03,FOB,,GBP
0000001209,PO01,CIF,,CNY
0000000416,PO03,CPT,,CAD
0000000513,PO02,DDP,,EUR
0000001506,PO01,CIP,,BRL
0000001313,PO02,CFR,,JPY
0000001468,PO01,DAT,,GBP
0000000844,PO04,CIF,,AUD
0000001113,PO01,DAP,,EUR
0000000379,PO01,FCA,,KRW
0000000770,PO02,DAT,,USD
0000000676,PO04,FCA,,CAD
0000000967,PO05,CIP,,BRL
0000000436,PO03,CIF,,GBP
0000001940,PO05,DDP,,KRW
0000001027,PO03,CPT,,USD
0000000416,PO04,DDP,,JPY
0000001468,PO03,DAT,,KRW
0000000411,PO01,EXW,,BRL
0000000783,PO05,FCA,,BRL
0000001294,PO02,EXW,,CHF
0000000839,PO03,DAP,,CNY
0000000865,PO04,CIP,,CHF
0000001814,PO04,FCA,,GBP
0000001142,PO03,EXW,,JPY
0000001028,PO04,FCA,,EUR
0000001497,PO02,CPT,,KRW
0000001427,PO01,EXW,,JPY
0000000955,PO02,CFR,,GBP
0000001087,PO01,DAP,,AUD
0000000817,PO02,DAP,,GBP
0000000809,PO05,FOB,,GBP
0000001568,PO05,EXW,,CNY
0000001025,PO03,EXW,,GBP
0000000893,PO03,FOB,,AUD
0000001639,PO04,CPT,,JPY
0000000097,PO05,DAP,,BRL
0000001118,PO03,DAP,,CNY
0000001156,PO03,CFR,,AUD
0000001821,PO03,CIF,,KRW
0000001743,PO05,FOB,,JPY
0000000875,PO03,FOB,,USD
0000001200,PO04,CIP,,GBP
0000000981,PO01,DAT,,KRW
0000000733,PO03,DAT,,EUR
0000000539,PO05,DAP,,CHF
0000000265,PO05,FOB,,GBP
0000001227,PO03,FOB,,CHF
0000001277,PO03,FCA,,GBP
0000000212,PO03,CIF,,JPY
0000000716,PO01,FCA,,AUD
0000001692,PO02,DAT,,KRW
0000000971,PO03,EXW,,KRW
0000001865,PO05,FCA,,BRL
0000001501,PO03,FOB,,JPY
0000000983,PO04,DAT,,JPY
0000000402,PO03,DAT,,BRL
0000001732,PO03,DAT,,CHF
0000001173,PO03,DAP,,BRL
0000000244,PO03,CIF,,BRL
0000000005,PO01,CPT,,USD
0000000788,PO04,DDP,,BRL
0000000937,PO04,DAP,,USD
0000000283,PO05,FOB,,CAD
0000001591,PO05,CIP,,BRL
0000000643,PO02,EXW,,CNY
0000000625,PO03,CIP,,EUR
0000000286,PO04,CFR,,USD
0000001416,PO05,DAT,,KRW
0000000293,PO04,DAT,,KRW
0000000505,PO02,EXW,,USD
0000000959,PO04,DDP,,JPY
0000001690,PO02,FCA,,CNY
0000001839,PO03,CIF,,AUD
0000001333,PO01,CIP,,CAD
0000001123,PO03,CIP,,USD
0000001171,PO05,CPT,,EUR
0000000101,PO02,DAT,,CHF
0000001076,PO04,CIF,,EUR
0000001958,PO01,FCA,,BRL
0000000529,PO03,DAT,,JPY
0000000403,PO01,CPT,,GBP
0000000235,PO04,FCA,,CHF
0000001341,PO03,CFR,,CAD
0000001186,PO03,EXW,,GBP
0000000921,PO05,CPT,,BRL
0000001854,PO03,DAP,,CHF
0000000511,PO04,CIP,,EUR
0000000757,PO04,CIP,,CAD
0000001030,PO05,DDP,,USD
0000001882,PO04,CIF,,CAD
0000001225,PO02,EXW,,CNY
0000001267,PO05,CPT,,EUR
0000000767,PO02,CIP,,CHF
0000001873,PO05,DAP,,CHF
0000001815,PO04,DAT,,BRL
0000001613,PO02,FOB,,KRW
0000000214,PO04,DAP,,CHF
0000000139,PO04,EXW,,JPY
0000000578,PO01,DAP,,JPY
0000000982,PO04,CIF,,JPY
0000001751,PO04,DAP,,CAD
0000001037,PO04,EXW,,JPY
0000000755,PO02,CPT,,KRW
0000001254,PO05,CIP,,AUD
0000001877,PO02,CIP,,CAD
0000000311,PO03,CPT,,AUD
0000000237,PO02,CFR,,GBP
0000000910,PO05,CPT,,CAD
0000000348,PO04,CPT,,AUD
0000000403,PO02,DDP,,EUR
0000001548,PO04,CIF,,CAD
0000000595,PO02,DAP,,KRW
0000000602,PO04,FOB,,JPY
0000001583,PO02,FCA,,CAD
0000001890,PO04,CPT,,CAD
0000000470,PO05,FOB,,BRL
0000000096,PO04,CFR,,EUR
0000001872,PO02,DAP,,GBP
0000000248,PO03,CFR,,EUR
0000001677,PO03,CPT,,BRL
0000001911,PO01,CFR,,BRL
0000001648,PO05,CIP,,USD
0000000888,PO04,FCA,,GBP
0000001341,PO05,FOB,,CNY
0000001605,PO01,CIP,,BRL
0000001049,PO04,CFR,,KRW
0000001908,PO01,EXW,,GBP
0000001823,PO04,DDP,,JPY
0000000576,PO02,CIF,,KRW
0000000462,PO02,EXW,,EUR
0000001511,PO02,CIF,,KRW
0000001581,PO04,CPT,,CHF
0000000910,PO02,CIP,,AUD
0000001040,PO04,EXW,,JPY
0000000721,PO03,CPT,,CHF
0000001185,PO04,CIP,,CNY
0000001265,PO03,FCA,,EUR
0000001181,PO02,FCA,,CNY
0000000329,PO01,DAT,,AUD
0000000090,PO01,CIP,,CHF
0000000249,PO02,EXW,,GBP
0000001720,PO03,CPT,,CAD
0000001891,PO02,CPT,,GBP
0000000843,PO05,CIP,,EUR
0000001006,PO03,DDP,,CNY
0000001040,PO02,DAT,,CNY
0000000725,PO05,DDP,,GBP
0000000484,PO01,CIP,,JPY
0000001459,PO02,FCA,,AUD
0000001525,PO02,FCA,,CAD
0000000146,PO03,DAT,,CHF
0000000360,PO02,DAP,,AUD
0000000569,PO03,DAT,,JPY
0000001169,PO04,FCA,,CAD
0000000131,PO04,FCA,,GBP
0000001887,PO04,CFR,,USD
0000001453,PO01,DAT,,JPY
0000000276,PO01,CIF,,GBP
0000000351,PO04,FOB,,JPY
0000001605,PO02,FCA,,KRW
0000001299,PO05,FOB,,JPY
0000001351,PO02,FOB,,AUD
0000000405,PO01,DAT,,CAD
0000000574,PO03,DDP,,CNY
0000001571,PO01,DDP,,GBP
0000000464,PO04,DAP,,CHF
0000000446,PO02,CIP,,CNY
0000001748,PO01,CIP,,GBP
0000001122,PO03,CIF,,KRW
0000001167,PO05,CIF,,CNY
0000001721,PO04,CIF,,GBP
0000001441,PO01,CPT,,BRL
0000001143,PO01,CPT,,BRL
0000000558,PO05,CIP,,JPY
0000001329,PO05,CPT,,EUR
0000001366,PO05,CPT,,EUR
0000000094,PO05,DAP,,AUD
0000001701,PO03,CFR,,USD
0000001911,PO05,DAT,,EUR
0000001254,PO02,DAP,,CNY
0000001462,PO02,FCA,,CHF
0000001865,PO03,FOB,,CNY
0000001750,PO02,EXW,,CNY
0000001096,PO03,CIP,,EUR
0000001265,PO01,FOB,,CAD
0000001071,PO01,CFR,,AUD
0000001962,PO01,FCA,,CNY
0000000818,PO03,CFR,,CHF
0000000298,PO03,DDP,,CAD
0000001188,PO02,CIP,,CAD
0000000548,PO02,DAP,,CNY
0000000507,PO05,DAT,,BRL
0000001716,PO03,CPT,,CAD
0000000434,PO03,EXW,,USD
0000001644,PO03,DAP,,USD
0000001690,PO05,EXW,,EUR
0000000924,PO03,DAT,,GBP
0000000998,PO05,CIF,,AUD
0000000412,PO03,FCA,,GBP
0000001610,PO04,DAT,,GBP
0000001745,PO02,FOB,,AUD
0000000210,PO01,EXW,,EUR
0000001910,PO04,CIF,,AUD
0000001306,PO04,CFR,,CAD
0000001369,PO01,CPT,,CNY
0000000931,PO05,DDP,,BRL
0000000855,PO04,CPT,,GBP
0000001242,PO04,CIF,,CNY
0000000013,PO01,FCA,,EUR
0000001145,PO01,CIP,,GBP
0000000643,PO03,EXW,,USD
0000001627,PO01,CIP,,EUR
0000001363,PO05,DAP,,AUD
0000000308,PO02,DAT,,KRW
0000000469,PO02,DAP,,EUR
0000001342,PO03,DAP,,BRL
0000001656,PO01,EXW,,GBP
0000001503,PO02,CIP,,KRW
0000000520,PO03,FCA,,CNY
0000001033,PO02,DAP,,CNY
0000001401,PO03,FCA,,GBP
0000001494,PO03,CFR,,EUR
0000000110,PO03,EXW,,JPY
0000000415,PO01,DAT,,EUR
0000001363,PO02,DAT,,BRL
0000001469,PO03,DAP,,EUR
0000001730,PO01,DDP,,JPY
0000001940,PO04,DDP,,CAD
0000001242,PO02,CFR,,EUR
0000000557,PO04,DDP,,BRL
0000000163,PO04,CPT,,AUD
0000001102,PO02,EXW,,EUR
0000001105,PO01,CFR,,BRL
0000000255,PO02,FOB,,AUD
0000000127,PO01,CPT,,CHF
0000000299,PO04,DAP,,CHF
0000001969,PO05,FCA,,GBP
0000001476,PO01,CFR,,JPY
0000000740,PO02,DAP,,CHF
0000001336,PO05,CPT,,CAD
0000001109,PO01,DAT,,BRL
0000001654,PO02,CFR,,CNY
0000001036,PO02,DAP,,USD
0000001237,PO02,FCA,,BRL
0000001403,PO03,DAP,,USD
0000001323,PO02,FCA,,KRW
0000001601,PO05,EXW,,CHF
0000001463,PO03,CFR,,CNY
0000000938,PO04,DAP,,KRW
0000000676,PO02,CFR,,AUD
0000000816,PO05,CFR,,BRL
0000000357,PO03,CFR,,USD
0000001462,PO05,FOB,,EUR
0000000072,PO05,CPT,,EUR
0000001719,PO01,CFR,,GBP
0000000126,PO02,DAP,,JPY
0000001824,PO05,CFR,,AUD
0000001107,PO03,CIF,,KRW
0000000457,PO05,CFR,,EUR
0000001605,PO04,DDP,,JPY
0000000589,PO03,CIP,,EUR
0000000825,PO04,DAP,,CAD
0000000204,PO01,CIF,,KRW
0000001036,PO04,EXW,,CHF
0000000587,PO03,DDP,,KRW
0000000952,PO04,EXW,,GBP
0000001019,PO03,DAT,,CHF
0000000322,PO03,DDP,,AUD
0000001032,PO01,CFR,,GBP
0000000187,PO02,CPT,,CAD
0000000710,PO05,DAT,,EUR
0000001401,PO02,FOB,,JPY
0000001695,PO02,DAT,,JPY
0000001834,PO02,CIF,,CAD
0000000728,PO05,CIF,,CNY
0000001995,PO01,DDP,,KRW
0000000161,PO04,EXW,,CAD
0000001383,PO05,FOB,,GBP
0000000794,PO02,CFR,,AUD
0000000897,PO04,DAP,,KRW
0000000117,PO01,CIP,,KRW
0000001624,PO03,DDP,,AUD
0000001929,PO05,CIP,,AUD
0000000092,PO03,CFR,,BRL
0000001023,PO02,CPT,,CAD
0000000581,PO03,FOB,,BRL
0000001099,PO04,FCA,,GBP
0000001317,PO03,DAT,,CAD
0000000520,PO02,CPT,,GBP
0000001935,PO02,FCA,,KRW
0000001739,PO02,FCA,,JPY
0000001116,PO01,FOB,,CNY
0000001125,PO02,EXW,,KRW
0000001201,PO03,CPT,,CAD
0000000394,PO02,DAP,,CAD
0000000611,PO01,EXW,,USD
0000000380,PO03,DAT,,CNY
0000001020,PO02,FOB,,BRL
0000000789,PO05,CPT,,CAD
0000001505,PO05,CIF,,USD
0000001514,PO03,DAP,,CHF
0000001839,PO04,FCA,,BRL
0000000216,PO01,DDP,,GBP
0000000084,PO02,CFR,,KRW
0000000422,PO04,FOB,,BRL
0000000984,PO01,EXW,,CHF
0000001818,PO01,FOB,,CHF
0000001151,PO03,FCA,,USD
0000000985,PO01,FCA,,GBP
0000000510,PO05,FCA,,CHF
0000001219,PO01,DAP,,CAD
0000001610,PO03,DAT,,JPY
0000001414,PO01,DDP,,CHF
0000000598,PO03,FOB,,GBP
0000000734,PO02,EXW,,GBP
0000001261,PO03,CIF,,CAD
0000000273,PO01,CPT,,JPY
0000000488,PO03,FCA,,CNY
0000001070,PO05,CIF,,BRL
0000001262,PO05,FOB,,CAD
0000001830,PO04,EXW,,USD
0000001861,PO05,CIF,,KRW
0000001259,PO01,DAP,,EUR
0000001846,PO02,DDP,,EUR
0000000594,PO02,DAP,,GBP
0000001481,PO01,CIP,,AUD
0000000661,PO04,CIF,,CAD
0000000421,PO04,EXW,,JPY
0000000172,PO05,CFR,,CAD
0000000847,PO05,CIF,,CAD
0000000168,PO01,CPT,,AUD
0000000872,PO03,DAP,,JPY
0000000806,PO03,FCA,,USD
0000000095,PO05,CIP,,GBP
0000000136,PO02,CIP,,BRL
0000000002,PO01,CFR,,EUR
0000000899,PO03,DDP,,GBP
0000001362,PO05,EXW,,EUR
0000000315,PO01,FOB,,KRW
0000001156,PO05,CIP,,GBP
0000001531,PO01,CPT,,CNY
0000000773,PO03,DDP,,BRL
0000000922,PO04,CIP,,CNY
0000001466,PO05,FCA,,JPY
0000001796,PO03,CPT,,GBP
0000001614,PO01,CPT,,CAD
0000001901,PO05,FOB,,CAD
0000000538,PO03,DAP,,AUD
0000001622,PO01,DDP,,BRL
0000000292,PO01,CIF,,JPY
0000001074,PO01,EXW,,BRL
0000001782,PO02,CFR,,CNY
0000001662,PO05,FOB,,CHF
0000000906,PO04,DAT,,JPY
0000001560,PO01,CPT,,JPY
0000001956,PO03,FOB,,BRL
0000001740,PO01,EXW,,JPY
0000001299,PO03,CIP,,BRL
0000001165,PO01,FOB,,CNY
0000000878,PO01,DAT,,JPY
0000000011,PO02,FCA,,GBP
0000000791,PO03,DAT,,CAD
0000001036,PO03,CIF,,KRW
0000001673,PO05,FCA,,JPY
0000000131,PO03,FCA,,CHF
0000001849,PO02,CPT,,CHF
0000000859,PO02,CIP,,JPY
0000000338,PO02,FOB,,USD
0000000412,PO04,FOB,,CHF
0000000621,PO01,FOB,,CNY
0000001947,PO01,CIF,,JPY
0000001927,PO04,CFR,,BRL
0000001475,PO02,CPT,,GBP
0000000257,PO02,DAT,,GBP
0000001722,PO01,FOB,,BRL
0000001755,PO02,FOB,,CAD
0000000821,PO01,EXW,,KRW
0000000693,PO05,FCA,,BRL
0000001533,PO04,FCA,,CNY
0000001824,PO01,FCA,,CAD
0000001283,PO01,CFR,,AUD
0000000480,PO05,CIF,,BRL
0000001914,PO05,DDP,,EUR
0000000630,PO03,CFR,,GBP
0000000876,PO04,CPT,,EUR
0000000812,PO01,DDP,,USD
0000000261,PO01,CIF,,CAD
0000001978,PO03,CFR,,CAD
0000000428,PO04,DAP,,USD
0000000449,PO02,DDP,,JPY
0000001642,PO01,EXW,,KRW
0000001141,PO04,FCA,,BRL
0000000785,PO02,FCA,,CNY
0000001050,PO02,FCA,,USD
0000001763,PO02,DDP,,CHF
0000000069,PO03,CIF,,GBP
0000001542,PO04,FCA,,USD
0000001440,PO03,CPT,,CAD
0000000579,PO03,CIP,,CAD
0000000810,PO03,CIP,,CAD
0000001500,PO04,EXW,,KRW
0000000875,PO05,DAP,,CAD
0000001288,PO04,EXW,,AUD
0000000776,PO03,DAP,,CNY
0000001281,PO05,DAT,,KRW
0000000377,PO03,CIF,,GBP
0000001770,PO05,DDP,,JPY
0000000014,PO04,FCA,,GBP
0000001770,PO03,DAP,,GBP
0000001589,PO03,CIP,,CNY
0000000467,PO02,CIP,,CHF
0000001071,PO03,DAT,,JPY
0000001338,PO03,DAP,,CHF
0000001377,PO03,DDP,,CNY
0000000433,PO04,EXW,,USD
0000000527,PO05,FCA,,BRL
0000000141,PO05,DAT,,CNY
0000000713,PO01,DDP,,AUD
0000001119,PO04,FOB,,USD
0000001897,PO02,EXW,,AUD
0000000610,PO05,CIF,,USD
0000000020,PO05,EXW,,CHF
0000001513,PO04,CIP,,CAD
0000001028,PO02,CIP,,KRW
0000000737,PO02,DAP,,JPY
0000000722,PO05,CFR,,AUD
0000001015,PO04,CFR,,CAD
0000001166,PO02,FOB,,CHF
0000000192,PO01,DAT,,KRW
0000000283,PO03,CIP,,AUD
0000001863,PO04,CIF,,BRL
0000001522,PO03,DDP,,CAD
0000000436,PO05,CIF,,KRW
0000000684,PO04,CFR,,JPY
0000000564,PO01,FCA,,USD
0000000526,PO05,CIP,,KRW
0000000509,PO01,FCA,,GBP
0000000689,PO04,FOB,,CAD
0000000917,PO05,EXW,,CAD
0000000267,PO03,FOB,,KRW
0000000976,PO03,DAP,,CHF
0000000074,PO05,FOB,,GBP
0000001035,PO01,CPT,,BRL
0000000397,PO03,DAT,,JPY
0000001539,PO04,DDP,,BRL
0000001493,PO01,EXW,,JPY
0000000658,PO03,DAT,,AUD
0000000434,PO02,CFR,,BRL
0000001819,PO02,FOB,,KRW
0000000041,PO01,DAT,,CHF
0000000331,PO04,CPT,,KRW
0000001750,PO01,EXW,,KRW
0000000404,PO02,CIP,,GBP
0000000301,PO01,CFR,,USD
0000001774,PO05,CFR,,JPY
0000000198,PO05,CPT,,CAD
0000000033,PO04,FCA,,JPY
0000000746,PO03,EXW,,EUR
0000001090,PO04,EXW,,KRW
0000001753,PO02,EXW,,KRW
0000001175,PO03,CIF,,JPY
0000001982,PO01,DAT,,JPY
0000000184,PO03,CPT,,BRL
0000000030,PO03,CIP,,EUR
0000001273,PO01,FCA,,JPY
0000000675,PO01,EXW,,EUR
0000001053,PO03,CIF,,EUR
0000001041,PO02,DDP,,EUR
0000001850,PO05,CIF,,KRW
0000001076,PO05,FCA,,GBP
0000000479,PO04,CIP,,AUD
0000000188,PO02,DDP,,CHF
0000000448,PO03,FOB,,GBP
0000001112,PO05,FCA,,CAD
0000001247,PO03,DAT,,AUD
0000000849,PO04,DAP,,JPY
0000000579,PO05,CPT,,GBP
0000001336,PO01,FCA,,EUR
0000001488,PO02,CIF,,JPY
0000000538,PO05,DAP,,USD
0000001346,PO05,CFR,,GBP
0000000276,PO05,CFR,,USD
0000000719,PO01,FOB,,KRW
0000000778,PO02,CIF,,GBP
0000000346,PO04,DAP,,KRW
0000000615,PO03,CPT,,AUD
0000000052,PO05,DAP,,JPY
0000000798,PO05,CIP,,KRW
0000000659,PO04,DAT,,EUR
0000000478,PO02,EXW,,BRL
0000001387,PO05,CIF,,JPY
0000000719,PO03,EXW,,CHF
0000001939,PO03,DDP,,KRW
0000000912,PO01,DDP,,GBP
0000001915,PO01,EXW,,CHF
0000000221,PO03,CIF,,JPY
0000000748,PO05,FOB,,CNY
0000001966,PO04,CPT,,GBP
0000000412,PO01,FCA,,AUD
0000001961,PO04,CPT,,CAD
0000001559,PO04,CFR,,CAD
0000000724,PO04,CPT,,AUD
0000001202,PO01,DAT,,USD
0000001372,PO04,CIF,,BRL
0000000203,PO03,CIP,,USD
0000001166,PO04,CFR,,AUD
0000000756,PO04,DDP,,BRL
0000001297,PO01,DDP,,BRL
0000001811,PO03,DAP,,CHF
0000001511,PO04,FOB,,KRW
0000000807,PO05,DAP,,KRW
0000001534,PO05,CFR,,GBP
0000001841,PO01,DAT,,JPY
0000001080,PO03,DAT,,CAD
0000000420,PO04,FOB,,USD
0000001924,PO02,CFR,,CHF
0000000365,PO03,DDP,,USD
0000000573,PO03,FCA,,JPY
0000000679,PO01,DAT,,JPY
0000000288,PO03,CPT,,AUD
0000000911,PO01,FCA,,EUR
0000001733,PO05,CFR,,BRL
0000000008,PO05,DAT,,CAD
0000001600,PO02,CIF,,BRL
0000001341,PO02,DAP,,CHF
0000001534,PO02,EXW,,KRW
0000000271,PO04,CPT,,USD
0000000069,PO04,CPT,,AUD
0000001680,PO03,FCA,,CHF
0000001982,PO02,CIP,,CAD
0000001052,PO02,DAP,,KRW
0000000963,PO03,DAT,,USD
0000000182,PO01,DDP,,CNY
0000001841,PO04,DAP,,EUR
0000000067,PO05,EXW,,USD
0000000415,PO05,FOB,,CHF
0000001799,PO01,CPT,,EUR
0000001684,PO02,CFR,,AUD
0000001015,PO05,FCA,,USD
0000000256,PO04,FCA,,GBP
0000000868,PO04,CIP,,BRL
0000001047,PO05,FCA,,EUR
0000000670,PO01,CIF,,EUR
0000001503,PO04,DAT,,EUR
0000000615,PO01,CPT,,CAD
0000000028,PO02,DDP,,CAD
0000001587,PO03,DAT,,KRW
0000000843,PO04,EXW,,USD
0000001452,PO05,DDP,,JPY
0000000417,PO05,FCA,,GBP
0000000673,PO03,FOB,,CNY
0000000861,PO03,CIP,,AUD
0000000155,PO01,DDP,,CHF
0000000561,PO05,FOB,,CNY
0000001061,PO02,CFR,,KRW
0000001083,PO05,FOB,,JPY
0000001716,PO05,FOB,,CHF
0000000960,PO03,FCA,,BRL
0000000935,PO01,DAT,,GBP
0000000586,PO03,FCA,,GBP
0000001945,PO04,EXW,,CNY
0000000840,PO05,CPT,,GBP
0000001572,PO05,DAT,,BRL
0000001423,PO02,DAP,,BRL
0000001915,PO02,CIF,,BRL
0000000703,PO03,FCA,,CAD
0000000939,PO04,CIF,,GBP
0000000204,PO03,EXW,,KRW
0000000604,PO03,CPT,,CAD
0000000008,PO04,CIF,,BRL
0000000308,PO03,DAT,,BRL
0000001487,PO03,CIP,,CAD
0000001373,PO05,CIF,,USD
0000000821,PO03,CIP,,USD
0000001431,PO05,CIF,,CAD
0000001460,PO04,DAP,,CAD
0000000439,PO04,DAT,,CHF
0000001585,PO01,CFR,,JPY
0000000809,PO04,CIP,,CHF
0000001198,PO01,CIF,,GBP
0000001333,PO02,CFR,,USD
0000001094,PO05,CIF,,KRW
0000000281,PO01,FCA,,USD
0000001217,PO01,DAP,,CNY
0000000958,PO05,DAP,,USD
0000001280,PO01,CIP,,GBP
0000001298,PO01,CIF,,JPY
0000001305,PO01,DAT,,USD
0000001970,PO04,DAP,,AUD
0000000466,PO02,CIP,,GBP
0000000651,PO04,CPT,,CAD
0000000140,PO05,CIP,,GBP
0000000417,PO02,CFR,,JPY
0000001838,PO05,DDP,,KRW
0000001908,PO04,DAP,,GBP
0000001140,PO01,CFR,,CAD
0000000642,PO04,EXW,,KRW
0000000466,PO05,CPT,,CHF
0000000572,PO01,CIP,,AUD
0000000896,PO05,CIP,,JPY
0000000958,PO04,CIP,,GBP
0000000688,PO04,DAT,,AUD
0000001238,PO04,FCA,,USD
0000000416,PO01,CIP,,KRW
0000000913,PO03,DAT,,CNY
0000001312,PO01,FCA,,CHF
0000001579,PO03,DAP,,CHF
0000001112,PO03,FOB,,CNY
0000001302,PO05,FCA,,EUR
0000001079,PO02,CFR,,USD
0000001713,PO02,CIP,,GBP
0000001840,PO02,FOB,,CHF
0000000580,PO04,DDP,,KRW
0000001587,PO02,DAT,,USD
0000001332,PO03,FOB,,CAD
0000001879,PO01,DDP,,EUR
0000000733,PO01,DAP,,CNY
0000000743,PO01,CIP,,BRL
0000001303,PO03,FOB,,CAD
0000000855,PO01,CPT,,USD
0000000796,PO03,CIF,,JPY
0000000939,PO03,FOB,,AUD
0000001321,PO05,DAT,,EUR
0000001637,PO03,FCA,,EUR
0000001524,PO04,FOB,,GBP
0000000013,PO03,DAP,,GBP
0000001940,PO03,FOB,,KRW
0000001835,PO04,CPT,,JPY
0000001636,PO04,FOB,,GBP
0000001549,PO05,EXW,,CNY
0000000138,PO05,DAP,,CHF
0000000617,PO03,EXW,,CHF
0000001084,PO02,DDP,,AUD
0000000650,PO01,FOB,,USD
0000000252,PO03,DAT,,CHF
0000001847,PO03,FCA,,USD
0000000945,PO05,CFR,,JPY
0000000335,PO01,FOB,,JPY
0000001953,PO01,FOB,,JPY
0000000894,PO05,DDP,,USD
0000001132,PO01,CFR,,KRW
0000000736,PO03,FOB,,JPY
0000001296,PO04,DAP,,CAD
0000001326,PO04,DAT,,JPY
0000001139,PO04,CIF,,CAD
0000001704,PO02,DAT,,CHF
0000000618,PO02,DAT,,CNY
0000001563,PO05,CFR,,CAD
0000000321,PO02,FOB,,JPY
0000001111,PO04,DAT,,AUD
0000000883,PO01,CFR,,CAD
0000000523,PO02,CIP,,AUD
0000001498,PO05,DAT,,CHF
0000001937,PO04,DAT,,USD
0000000678,PO05,DDP,,GBP
0000001356,PO02,FCA,,CHF
0000001839,PO01,CPT,,JPY
0000000410,PO02,FOB,,CHF
0000000605,PO05,FCA,,AUD
0000000085,PO03,CIP,,GBP
0000001795,PO04,DDP,,GBP
0000001597,PO05,CIP,,GBP
0000001278,PO01,CFR,,BRL
0000001448,PO04,CIF,,CNY
0000000293,PO03,FCA,,CAD
0000000280,PO03,CFR,,CAD
0000001093,PO02,EXW,,GBP
0000001662,PO02,DAP,,CAD
0000001072,PO02,CFR,,GBP
0000000408,PO01,FOB,,AUD
0000001166,PO03,EXW,,CAD
0000000895,PO02,EXW,,EUR
0000001555,PO04,FOB,,EUR
0000001486,PO05,DAT,,KRW
0000000785,PO05,CIP,,BRL
0000000802,PO04,CFR,,GBP
0000001144,PO04,DDP,,GBP
0000001098,PO04,CIP,,BRL
0000000705,PO03,CIP,,GBP
0000000902,PO03,FOB,,JPY
0000000470,PO04,CIF,,GBP
0000001124,PO05,CPT,,BRL
0000000694,PO04,DAP,,JPY
0000000019,PO03,CIP,,BRL
0000000540,PO05,EXW,,GBP
0000001478,PO04,DAT,,CHF
0000001012,PO01,DAT,,USD
0000001935,PO04,CIP,,KRW
0000001343,PO05,CFR,,KRW
0000000214,PO03,FOB,,CAD
0000001898,PO05,FCA,,CAD
0000001600,PO05,CFR,,EUR
0000000333,PO05,CIF,,GBP
0000000314,PO01,CIF,,CAD
0000000922,PO01,FOB,,KRW
0000000805,PO05,FOB,,AUD
0000001127,PO02,CPT,,USD
0000001134,PO02,CIP,,CHF
0000001168,PO03,CIF,,AUD
0000001045,PO02,DDP,,CHF
0000001577,PO04,EXW,,GBP
0000001582,PO04,CIP,,CAD
0000000769,PO03,DAP,,USD
0000000249,PO04,DAT,,CNY
0000000976,PO05,EXW,,CNY
0000001939,PO01,FOB,,BRL
0000000345,PO01,FOB,,GBP
0000001012,PO05,FCA,,USD
0000001199,PO04,CFR,,CHF
0000000061,PO03,CIP,,AUD
0000001237,PO01,CIF,,CHF
0000001099,PO01,CIF,,CNY
0000000972,PO03,CIF,,CNY
0000000835,PO04,DAP,,CHF
0000001409,PO04,CFR,,KRW
0000000645,PO04,EXW,,BRL
0000001532,PO02,FOB,,AUD
0000000618,PO04,DAT,,JPY
0000000522,PO02,FOB,,CHF
0000000796,PO01,CFR,,AUD
0000000341,PO05,FOB,,AUD
0000001769,PO01,DDP,,KRW
0000001506,PO04,DDP,,CNY
0000001815,PO02,FCA,,CNY
0000001654,PO03,CIP,,BRL
0000000793,PO05,CIF,,CNY
0000000344,PO05,DAP,,CAD
0000001093,PO03,DDP,,CNY
0000001510,PO01,FCA,,GBP
0000000729,PO03,DAP,,BRL
0000000639,PO01,CIP,,CNY
0000000518,PO05,DAP,,JPY
0000001566,PO01,FOB,,BRL
0000000165,PO05,CFR,,USD
0000000321,PO05,DAP,,USD
0000001100,PO01,EXW,,USD
0000000440,PO02,FOB,,CNY
0000001413,PO03,CFR,,BRL
0000001666,PO02,EXW,,CNY
0000000339,PO03,CPT,,AUD
0000001700,PO02,CIF,,CAD
0000001061,PO03,DAT,,USD
0000001819,PO04,DAP,,AUD
0000001693,PO05,CIP,,CNY
0000000776,PO01,EXW,,BRL
0000000700,PO01,DDP,,GBP
0000001438,PO01,FOB,,BRL
0000001795,PO03,FCA,,EUR
0000001243,PO02,FOB,,EUR
0000001302,PO03,EXW,,GBP
0000000212,PO04,DAT,,CNY
0000001042,PO04,FCA,,EUR
0000001540,PO04,DAT,,BRL
0000001425,PO05,DDP,,BRL
0000000805,PO01,DAP,,EUR
0000001026,PO01,FCA,,BRL
0000001484,PO03,CPT,,BRL
0000001550,PO01,CIP,,CHF
0000001553,PO05,EXW,,JPY
0000001678,PO03,CIF,,AUD
0000001061,PO04,CFR,,EUR
0000000452,PO04,FCA,,CAD
0000000047,PO03,FCA,,CAD
0000000284,PO02,FCA,,KRW
0000001661,PO03,FOB,,EUR
0000000187,PO04,DAT,,CHF
0000000140,PO03,DAT,,BRL
0000000394,PO05,CIP,,GBP
0000001563,PO01,DAP,,AUD
0000000074,PO04,FCA,,USD
0000001590,PO05,DAT,,CHF
0000000041,PO03,DDP,,BRL
0000000281,PO05,CPT,,CAD
0000001838,PO03,FOB,,AUD
0000001607,PO04,FCA,,GBP
0000001864,PO01,FCA,,GBP
0000001769,PO05,EXW,,USD
0000000646,PO01,CPT,,AUD
0000000054,PO01,EXW,,CNY
0000001798,PO05,CFR,,AUD
0000000555,PO04,FOB,,CAD
0000000038,PO01,DAT,,EUR
0000001255,PO02,EXW,,CAD
0000001534,PO04,DDP,,CHF
0000000192,PO04,CIP,,KRW
0000000818,PO02,CPT,,CNY
0000001254,PO01,FCA,,AUD
0000000161,PO02,DAT,,USD
0000001813,PO04,DDP,,CAD
0000000484,PO05,EXW,,JPY
0000000744,PO02,DAP,,CHF
0000000705,PO01,CIP,,KRW
0000001276,PO03,CFR,,USD
0000001941,PO01,CIP,,BRL
0000000183,PO01,FCA,,KRW
0000001854,PO02,EXW,,USD
0000000111,PO04,DAT,,CAD
0000001086,PO01,FCA,,CHF
0000001811,PO05,CIF,,EUR
0000000105,PO02,DAP,,CNY
0000000451,PO02,DAT,,KRW
0000000978,PO03,DAP,,CNY
0000000029,PO05,CIP,,USD
0000000964,PO01,FOB,,JPY
0000000821,PO02,CPT,,BRL
0000000545,PO05,EXW,,CAD
0000001701,PO05,DAT,,AUD
0000000517,PO05,DAT,,EUR
0000001822,PO02,CFR,,KRW
0000001054,PO01,CIF,,GBP
0000001462,PO03,DDP,,CHF
0000000372,PO04,CPT,,CAD
0000001732,PO01,DAP,,BRL
0000001818,PO04,FCA,,EUR
0000001167,PO03,FOB,,CAD
0000001687,PO03,FCA,,KRW
0000001144,PO01,EXW,,CAD
0000000901,PO03,DAT,,CAD
0000000116,PO03,FOB,,KRW
0000000063,PO02,FCA,,GBP
0000001506,PO05,DAP,,AUD
0000000060,PO02,CPT,,BRL
0000001335,PO05,CPT,,KRW
0000001902,PO04,EXW,,EUR
0000000190,PO05,FCA,,CNY
0000001821,PO02,EXW,,GBP
0000000715,PO02,DAT,,GBP
0000001268,PO01,DDP,,CNY
0000000556,PO02,FCA,,JPY
0000000215,PO04,DAT,,EUR
0000000802,PO01,CFR,,EUR
0000000048,PO04,DAP,,USD
0000001486,PO01,FOB,,JPY
0000001994,PO04,CIP,,CHF
0000001477,PO01,CIP,,CHF
0000000690,PO03,EXW,,EUR
0000001533,PO01,CIP,,CHF
0000001153,PO02,FCA,,JPY
0000001367,PO03,DAT,,EUR
0000001580,PO04,CPT,,EUR
0000000507,PO04,CPT,,CAD
0000001167,PO01,EXW,,CNY
0000000686,PO01,CFR,,CAD
0000000450,PO01,CFR,,AUD
0000001640,PO04,CPT,,EUR
0000001927,PO01,FOB,,JPY
0000001492,PO05,EXW,,CHF
0000000518,PO04,CFR,,CAD
0000001671,PO05,DAP,,BRL
0000000217,PO02,CIP,,GBP
0000000884,PO01,FCA,,BRL
0000001895,PO02,EXW,,GBP
0000000238,PO01,CIP,,CAD
0000001786,PO01,CIF,,AUD
0000001145,PO02,CIF,,CNY
0000000605,PO01,FOB,,CNY
0000000441,PO03,FCA,,AUD
0000000479,PO01,FOB,,USD
0000000227,PO02,DAT,,GBP
0000000505,PO05,CPT,,BRL
0000000454,PO02,DAT,,USD
0000000714,PO03,CIP,,AUD
0000001395,PO01,DAP,,AUD
0000001354,PO04,CIF,,CNY
0000000398,PO05,FOB,,JPY
0000000828,PO03,CPT,,EUR
0000001923,PO05,CIF,,KRW
0000001113,PO05,EXW,,AUD
0000001661,PO01,FOB,,BRL
0000000688,PO05,EXW,,BRL
0000000035,PO04,EXW,,USD
0000001799,PO04,DDP,,CNY
0000000404,PO04,FOB,,USD
0000001424,PO03,CPT,,CNY
0000001376,PO03,EXW,,BRL
0000000987,PO05,DDP,,GBP
0000000184,PO04,DAT,,GBP
0000000744,PO04,DDP,,USD
0000001825,PO05,DAP,,CNY
0000001035,PO02,DAP,,BRL
0000000355,PO01,DAP,,GBP
0000000016,PO02,CFR,,KRW
0000000828,PO02,DAP,,GBP
0000000447,PO03,DAP,,BRL
0000001402,PO02,CPT,,BRL
0000000916,PO02,DDP,,GBP
0000000641,PO05,CFR,,KRW
0000000305,PO02,DAT,,CNY
0000000373,PO01,EXW,,CAD
0000000854,PO05,CIP,,EUR
0000000050,PO04,CIP,,KRW
0000001266,PO01,FOB,,CHF
0000000996,PO01,CFR,,CNY
0000001173,PO04,FCA,,BRL
0000000234,PO03,FOB,,USD
0000001311,PO01,CFR,,GBP
0000000188,PO01,FCA,,USD
0000000322,PO04,CFR,,GBP
0000001401,PO01,CIF,,KRW
0000001384,PO02,CIP,,AUD
0000001228,PO02,CIF,,JPY
0000001490,PO01,CIP,,CNY
0000001053,PO04,DAT,,USD
0000000670,PO02,CPT,,USD
0000000369,PO05,CFR,,CHF
0000001223,PO04,DAP,,BRL
0000000464,PO02,EXW,,KRW
0000000582,PO02,CIF,,BRL
0000001511,PO01,FOB,,AUD
0000001825,PO03,CIF,,KRW
0000000448,PO05,CIF,,CHF
0000000149,PO01,FCA,,CHF
0000000058,PO05,DAP,,JPY
0000001565,PO05,EXW,,CHF
0000001236,PO01,CIF,,KRW
0000001714,PO01,EXW,,CAD
0000001767,PO02,DAP,,GBP
0000001360,PO05,CPT,,CNY
0000001718,PO02,FOB,,AUD
0000001335,PO04,FOB,,CAD
0000001133,PO04,CIP,,USD
0000000906,PO02,FOB,,JPY
0000000545,PO04,FOB,,CAD
0000001817,PO03,EXW,,EUR
0000001671,PO03,CIF,,USD
0000000244,PO02,CFR,,EUR
0000000687,PO04,CPT,,JPY
0000001143,PO04,FCA,,KRW
0000000790,PO03,CPT,,CHF
0000000515,PO04,FCA,,GBP
0000000462,PO04,CIF,,USD
0000001844,PO04,CPT,,CHF
0000000789,PO03,DAP,,CAD
0000001730,PO05,DAP,,CNY
0000000586,PO05,DAP,,KRW
0000000575,PO02,CFR,,CNY
0000001907,PO02,DAP,,BRL
0000000773,PO01,DAT,,AUD
0000000865,PO05,CFR,,CHF
0000001610,PO01,EXW,,BRL
0000001704,PO05,DAP,,AUD
0000000354,PO05,FOB,,KRW
0000001439,PO05,CIF,,BRL
0000001236,PO04,CPT,,EUR
0000000636,PO02,FCA,,CNY
0000000889,PO05,CIP,,JPY
0000001284,PO01,DAT,,CAD
0000000588,PO03,DAT,,BRL
0000001593,PO05,DAT,,AUD
0000000274,PO02,FCA,,USD
0000000002,PO02,DAT,,KRW
0000001458,PO01,FOB,,JPY
0000000733,PO05,DAP,,KRW
0000000380,PO04,CIP,,BRL
0000001094,PO03,CIP,,KRW
0000000548,PO03,DDP,,CAD
0000000022,PO05,FOB,,USD
0000001263,PO04,CPT,,USD
0000000159,PO03,EXW,,CAD
0000001684,PO01,CFR,,USD
0000001150,PO05,DAT,,USD
0000000974,PO02,DAT,,CAD
0000001123,PO02,DAT,,GBP
0000001875,PO05,CPT,,GBP
0000001399,PO04,FOB,,AUD
0000000680,PO05,CIP,,EUR
0000000647,PO01,FOB,,AUD
0000001549,PO04,FOB,,KRW
0000001490,PO02,DAT,,JPY
0000000743,PO05,DAT,,AUD
0000000005,PO03,FOB,,AUD
0000001369,PO05,CPT,,JPY
0000000837,PO05,CFR,,GBP
0000000164,PO03,FOB,,EUR
0000000511,PO05,CPT,,USD
0000000180,PO03,EXW,,JPY
0000001631,PO05,CIF,,JPY
0000000651,PO03,CFR,,EUR
0000001831,PO03,DDP,,CAD
0000001028,PO05,DDP,,USD
0000000579,PO02,CPT,,BRL
0000000863,PO05,DDP,,USD
0000001104,PO04,FCA,,AUD
0000000343,PO04,DAT,,USD
0000000194,PO02,CIP,,CNY
0000000056,PO05,DDP,,CNY
0000000771,PO04,DDP,,EUR
0000000450,PO04,FOB,,CNY
0000000727,PO01,FOB,,KRW
0000001197,PO05,CIP,,BRL
0000000799,PO05,CIF,,KRW
0000001457,PO01,CPT,,EUR
0000000718,PO03,EXW,,CHF
0000001725,PO03,FOB,,AUD
0000000944,PO01,CIP,,CHF
0000001387,PO01,CIF,,GBP
0000000970,PO02,CFR,,GBP
0000000396,PO03,DAP,,BRL
0000001521,PO01,DDP,,USD
0000001222,PO05,CFR,,GBP
0000001459,PO04,CIP,,CHF
0000000395,PO02,DDP,,EUR
0000000384,PO03,CIF,,CHF
0000000285,PO04,DAT,,EUR
0000000513,PO04,FCA,,CHF
0000000915,PO05,FOB,,CHF
0000001079,PO05,CIF,,CHF
0000001354,PO02,FCA,,CNY
0000000107,PO02,CIF,,USD
0000000456,PO03,CFR,,CHF
0000000623,PO02,CFR,,CHF
0000000674,PO03,DDP,,CHF
0000000054,PO02,CFR,,BRL
0000000216,PO04,EXW,,USD
0000001772,PO03,DDP,,KRW
0000000192,PO03,CIF,,EUR
0000001614,PO03,CFR,,CAD
0000001295,PO02,DAT,,BRL
0000001964,PO02,FCA,,KRW
0000000560,PO05,CIP,,AUD
0000000899,PO02,CIP,,AUD
0000001209,PO02,DAT,,CAD
0000001483,PO04,CIP,,AUD
0000000312,PO05,CFR,,CHF
0000001421,PO02,FCA,,BRL
0000000363,PO04,FCA,,CHF
0000001826,PO02,EXW,,GBP
0000001379,PO02,DAP,,BRL
0000000852,PO04,CPT,,AUD
0000001471,PO04,DAP,,GBP
0000000337,PO05,FOB,,KRW
0000001146,PO03,CFR,,CHF
0000001378,PO04,CIF,,KRW
0000001614,PO05,DAT,,USD
0000001933,PO05,CIF,,CHF
0000000265,PO02,DDP,,JPY
0000001538,PO03,CPT,,CNY
0000001863,PO03,FOB,,BRL
0000000397,PO05,DAT,,KRW
0000001681,PO03,FCA,,EUR
0000000084,PO01,DAP,,USD
0000000471,PO03,EXW,,GBP
0000001891,PO03,CFR,,GBP
0000000378,PO01,DAP,,JPY
0000000072,PO03,CPT,,KRW
0000001574,PO02,CIF,,CHF
0000001087,PO05,CIP,,GBP
0000001738,PO05,CIF,,JPY
0000000103,PO04,CIP,,CNY
0000000252,PO05,FOB,,JPY
0000000797,PO02,EXW,,AUD
0000000913,PO01,DAT,,CNY
0000001249,PO04,FOB,,JPY
0000000374,PO05,CFR,,GBP
0000000009,PO03,DDP,,GBP
0000000135,PO01,FOB,,BRL
0000000459,PO03,CIP,,EUR
0000000421,PO05,CFR,,KRW
0000001964,PO04,CIP,,CAD
0000001273,PO04,CIP,,KRW
0000001973,PO05,CFR,,BRL
0000000823,PO01,CIF,,BRL
0000000762,PO02,EXW,,JPY
0000001018,PO04,FOB,,KRW
0000001233,PO05,CFR,,KRW
0000000988,PO02,DAT,,CAD
0000000760,PO05,DDP,,USD
0000001045,PO01,EXW,,KRW
0000001373,PO03,CIP,,JPY
0000001332,PO04,CPT,,JPY
0000000633,PO01,CPT,,CAD
0000001588,PO01,DAT,,CAD
0000001683,PO05,CPT,,GBP
0000000551,PO02,FOB,,AUD
0000000956,PO03,FOB,,JPY
0000001159,PO03,FCA,,AUD
0000000078,PO01,DAT,,CNY
0000001478,PO02,DAT,,GBP
0000000463,PO05,DAT,,CHF
0000000141,PO04,CFR,,CNY
0000000204,PO02,CIP,,JPY
0000001054,PO03,DAT,,CAD
0000000203,PO05,CFR,,CAD
0000001253,PO01,CPT,,BRL
0000000408,PO02,CIP,,GBP
0000001017,PO02,FOB,,BRL
0000000752,PO01,FCA,,CAD
0000000775,PO03,CIP,,JPY
0000000141,PO01,DDP,,JPY
0000001322,PO04,CFR,,KRW
0000000970,PO05,DAP,,KRW
0000000342,PO01,EXW,,CHF
0000001351,PO04,CPT,,CAD
0000001436,PO04,CPT,,USD
0000000064,PO02,CPT,,KRW
0000001346,PO04,DDP,,AUD
0000000197,PO04,DDP,,KRW
0000000358,PO04,FOB,,USD
0000000343,PO03,CIF,,USD
0000001303,PO02,EXW,,EUR
0000000083,PO05,CFR,,EUR
0000001376,PO05,CPT,,USD
0000000772,PO03,CFR,,EUR
0000001451,PO05,DDP,,EUR
0000001643,PO05,EXW,,BRL
0000001710,PO05,DDP,,CNY
0000001151,PO04,DDP,,CHF
0000000625,PO01,DDP,,EUR
0000000761,PO01,FCA,,GBP
0000001771,PO04,EXW,,EUR
0000001811,PO04,FCA,,EUR
0000001028,PO03,DAT,,CNY
0000001138,PO01,EXW,,EUR
0000000729,PO01,EXW,,EUR
0000001467,PO04,DAP,,AUD
0000001790,PO05,CFR,,CHF
0000001963,PO05,CPT,,CAD
0000001762,PO02,EXW,,AUD
0000000649,PO02,EXW,,CAD
0000000882,PO01,FCA,,CNY
0000001874,PO04,FCA,,JPY
0000001115,PO04,CIP,,CNY
0000000894,PO04,DAP,,JPY
0000001849,PO03,CPT,,KRW
0000001019,PO01,DDP,,KRW
0000000195,PO03,DDP,,CAD
0000001256,PO02,CIF,,EUR
0000000418,PO05,DDP,,JPY
0000000636,PO03,DDP,,GBP
0000001918,PO05,CIP,,CAD
0000000615,PO05,DDP,,AUD
0000000619,PO04,FCA,,KRW
0000001229,PO03,DAT,,USD
0000001845,PO01,CPT,,AUD
0000000334,PO05,CFR,,AUD
0000000940,PO03,FCA,,USD
0000001010,PO01,CPT,,JPY
0000000148,PO03,DAT,,KRW
0000001093,PO04,DAP,,AUD
0000001558,PO05,FOB,,AUD
0000000401,PO04,CFR,,BRL
0000000471,PO04,DAP,,CHF
0000001871,PO01,CIP,,KRW
0000000194,PO04,EXW,,CHF
0000000050,PO02,DAT,,GBP
0000001972,PO05,DAP,,AUD
0000000840,PO03,CIP,,USD
0000001400,PO05,EXW,,AUD
0000000185,PO02,FOB,,BRL
0000001293,PO05,FCA,,CAD
0000001805,PO04,FOB,,BRL
0000001958,PO02,EXW,,BRL
0000000841,PO03,CPT,,EUR
0000001868,PO03,CIF,,GBP
0000001673,PO04,DAP,,KRW
0000000626,PO04,EXW,,GBP
0000001393,PO04,CFR,,CHF
0000001838,PO02,FCA,,BRL
0000000768,PO01,CIP,,CHF
0000000873,PO05,CFR,,CAD
0000000905,PO03,DAT,,CNY
0000000178,PO01,CIF,,GBP
0000001942,PO03,CFR,,CHF
0000001244,PO02,EXW,,CAD
0000000999,PO05,CIP,,KRW
0000000678,PO03,DAT,,EUR
0000000201,PO03,CIP,,CAD
0000000490,PO01,DAP,,CHF
0000000378,PO05,DAP,,AUD
0000001831,PO02,DAP,,EUR
0000001874,PO05,DAP,,AUD
0000000259,PO03,EXW,,CAD
0000001012,PO02,CFR,,KRW
0000000589,PO02,DAT,,EUR
0000000763,PO05,DAT,,BRL
0000001116,PO03,CFR,,KRW
0000000267,PO02,EXW,,CAD
0000001937,PO02,DAT,,JPY
0000001261,PO01,EXW,,CAD
0000000635,PO05,DAT,,CHF
0000000350,PO02,CIP,,EUR
0000001547,PO05,EXW,,CNY
0000000876,PO01,DDP,,JPY
0000001064,PO02,FCA,,GBP
0000001440,PO01,DAP,,AUD
0000001289,PO04,CFR,,BRL
0000001066,PO03,CPT,,CNY
0000001575,PO02,CPT,,CNY
0000000271,PO01,DAP,,CAD
0000001769,PO02,EXW,,CNY
0000000983,PO03,DAT,,USD
0000001339,PO02,CIP,,EUR
0000000751,PO03,CIP,,EUR
0000001849,PO01,CFR,,USD
0000000566,PO03,FOB,,USD
0000000255,PO04,DAP,,CAD
0000001036,PO05,FOB,,BRL
0000000905,PO04,DAP,,JPY
0000001484,PO05,FCA,,KRW
0000001607,PO02,EXW,,JPY
0000001653,PO01,DAT,,CAD
0000000398,PO02,DDP,,BRL
0000001675,PO01,DAT,,CHF
0000000722,PO02,DAP,,KRW
0000000104,PO05,DAP,,CAD
0000001394,PO04,CFR,,GBP
0000000551,PO05,DDP,,AUD
0000001376,PO01,DAT,,JPY
0000001099,PO02,CFR,,CAD
0000000007,PO03,DAP,,GBP
0000001554,PO05,CIF,,USD
0000000317,PO03,CFR,,EUR
0000000632,PO04,FCA,,BRL
0000000472,PO03,CFR,,BRL
0000000744,PO01,DAT,,CAD
0000000028,PO04,DAP,,KRW
0000000906,PO03,CFR,,CAD
0000001736,PO04,CIF,,KRW
0000000200,PO01,CFR,,CHF
0000001446,PO01,CPT,,GBP
0000000684,PO05,FCA,,KRW
0000000459,PO05,CIF,,AUD
0000001070,PO02,CIP,,JPY
0000001860,PO02,DDP,,CHF
0000000153,PO04,FOB,,JPY
0000000554,PO03,DAT,,BRL
0000001768,PO04,DAP,,USD
0000000496,PO02,CPT,,CHF
0000000931,PO01,DAP,,CAD
0000000480,PO04,DAT,,CHF
0000000510,PO02,CIP,,EUR
0000001735,PO05,CFR,,EUR
0000000339,PO04,FOB,,USD
0000001121,PO01,DAP,,EUR
0000000259,PO05,EXW,,CHF
0000000584,PO04,DAT,,CHF
0000001012,PO03,EXW,,USD
0000000799,PO03,DAT,,GBP
0000000690,PO04,DAP,,KRW
0000000011,PO01,CPT,,CAD
0000001105,PO04,CPT,,CAD
0000000078,PO05,CPT,,USD
0000000312,PO02,CPT,,CAD
0000001495,PO02,DAP,,CAD
0000000856,PO03,FOB,,KRW
0000001627,PO03,DAP,,BRL
0000001672,PO02,CFR,,EUR
0000000787,PO01,CIF,,GBP
0000001322,PO03,FOB,,USD
0000000948,PO04,DAP,,EUR
0000000669,PO04,CFR,,CHF
0000000670,PO05,CFR,,CNY
0000000291,PO04,DAT,,GBP
0000000752,PO04,EXW,,AUD
0000001548,PO03,CPT,,AUD
0000001533,PO02,DAT,,AUD
0000000915,PO04,EXW,,KRW
0000000999,PO03,CIP,,EUR
0000000128,PO02,CFR,,USD
0000001642,PO05,CIF,,CAD
0000000365,PO01,FOB,,EUR
0000001013,PO05,CIP,,JPY
0000000847,PO03,DAP,,EUR
0000000444,PO01,DDP,,CAD
0000001416,PO03,CPT,,AUD
0000001807,PO01,DAT,,CNY
0000001625,PO03,CPT,,JPY
0000001655,PO04,EXW,,AUD
0000000794,PO03,EXW,,BRL
0000000850,PO02,DDP,,KRW
0000001764,PO02,CIP,,CAD
0000001284,PO03,DAP,,GBP
0000001712,PO01,FCA,,EUR
0000001892,PO04,CIP,,KRW
0000000329,PO02,EXW,,AUD
0000000915,PO02,FCA,,CAD
0000001548,PO05,DAP,,USD
0000000935,PO05,DAP,,BRL
0000000840,PO04,CFR,,AUD
0000000334,PO01,CFR,,BRL
0000001016,PO03,FOB,,BRL
0000001419,PO01,FOB,,JPY
0000001667,PO01,FCA,,CAD
0000000982,PO03,CPT,,EUR
0000000528,PO04,FCA,,USD
0000001449,PO03,CIF,,GBP
0000000349,PO05,FOB,,GBP
0000000117,PO02,EXW,,CAD
0000001727,PO05,DAT,,BRL
0000001709,PO03,FOB,,JPY
0000000570,PO02,DAT,,BRL
0000000564,PO03,CFR,,GBP
0000001915,PO03,CIF,,JPY
0000000788,PO01,FCA,,EUR
0000000829,PO05,FCA,,USD
0000000920,PO03,DAT,,CNY
0000001177,PO04,CPT,,USD
0000000916,PO03,CFR,,CNY
0000001319,PO05,FOB,,GBP
0000001631,PO01,DAT,,CAD
0000000175,PO04,FCA,,AUD
0000000367,PO05,DDP,,GBP
0000001596,PO01,CIF,,USD
0000001905,PO02,FCA,,KRW
0000001545,PO03,EXW,,CHF
0000001809,PO05,FCA,,CNY
0000001408,PO05,FCA,,KRW
0000001581,PO05,DAP,,BRL
0000001179,PO05,CFR,,KRW
0000000338,PO05,FOB,,GBP
0000001560,PO02,CIF,,CHF
0000001736,PO03,CFR,,GBP
0000000521,PO05,DDP,,JPY
0000001872,PO04,DDP,,CHF
0000001342,PO04,CFR,,GBP
0000000734,PO01,FCA,,BRL
0000001117,PO02,CPT,,CAD
0000000077,PO01,CIF,,AUD
0000001257,PO02,DAP,,CHF
0000001242,PO05,CFR,,JPY
0000001306,PO01,DAP,,CNY
0000001039,PO02,CIF,,CHF
0000001594,PO04,CIP,,KRW
0000001055,PO01,DAT,,JPY
0000000376,PO03,DAT,,BRL
0000000063,PO05,DDP,,AUD
0000001692,PO03,FOB,,GBP
0000000663,PO01,DAP,,CHF
0000000744,PO03,CPT,,AUD
0000001112,PO01,CIP,,AUD
0000000349,PO03,CPT,,AUD
0000001177,PO05,EXW,,BRL
0000000593,PO04,FCA,,AUD
0000000547,PO02,DDP,,CHF
0000001156,PO02,CPT,,JPY
0000000219,PO05,DDP,,BRL
0000000836,PO03,CFR,,CNY
0000000321,PO01,CPT,,CHF
0000000255,PO03,CFR,,GBP
0000001638,PO01,FCA,,KRW
0000001528,PO02,CIP,,BRL
0000001978,PO04,DAP,,CAD
0000001438,PO05,DAT,,BRL
0000000445,PO02,CIF,,USD
0000001018,PO05,FOB,,USD
0000001936,PO04,CIF,,KRW
0000000113,PO03,EXW,,GBP
0000000951,PO04,DDP,,CAD
0000001368,PO03,FCA,,CHF
0000001034,PO03,FOB,,EUR
0000001414,PO04,DDP,,USD
0000000699,PO03,CPT,,USD
0000001418,PO05,DAT,,EUR
0000000027,PO05,CPT,,EUR
0000000934,PO03,FCA,,CNY
0000001024,PO03,FOB,,JPY
0000000532,PO01,EXW,,EUR
0000000441,PO04,CIP,,GBP
0000000964,PO03,CPT,,EUR
0000001974,PO02,CFR,,KRW
0000001327,PO01,CPT,,KRW
0000001421,PO03,FOB,,CAD
0000001013,PO03,CFR,,AUD
0000001191,PO03,DAP,,BRL
0000001275,PO01,DAP,,CAD
0000000210,PO04,CIP,,BRL
0000001180,PO03,DAP,,BRL
0000001894,PO02,FOB,,CNY
0000001187,PO01,EXW,,EUR
0000001397,PO04,CIP,,USD
0000001743,PO03,CPT,,USD
0000001689,PO02,CFR,,EUR
0000000396,PO04,CPT,,CNY
0000000496,PO03,DDP,,JPY
0000000836,PO05,FOB,,EUR
0000001097,PO03,FCA,,CAD
0000000712,PO01,DAT,,EUR
0000001082,PO01,CPT,,CAD
0000000472,PO02,CIP,,JPY
0000001693,PO03,EXW,,GBP
0000000328,PO01,CIF,,CAD
0000001046,PO03,CIP,,AUD
0000001982,PO03,EXW,,KRW
0000000213,PO04,CPT,,CNY
0000001437,PO05,DDP,,CNY
0000001692,PO01,CPT,,CHF
0000001549,PO02,FOB,,CHF
0000000155,PO03,CIF,,KRW
0000001520,PO02,DDP,,USD
0000000834,PO03,CIP,,KRW
0000001286,PO02,CIP,,CAD
0000001716,PO04,CFR,,USD
0000000724,PO05,CFR,,KRW
0000001846,PO04,DAT,,BRL
0000001083,PO02,EXW,,BRL
0000000956,PO05,CPT,,USD
0000000625,PO04,DAT,,CNY
0000000062,PO04,DAP,,KRW
0000000165,PO01,DDP,,EUR
0000000083,PO04,DAP,,BRL
0000001806,PO05,DDP,,EUR
0000001310,PO02,DAP,,GBP
0000000628,PO03,CPT,,CAD
0000001072,PO01,DDP,,KRW
0000000711,PO04,DDP,,CAD
0000000233,PO04,FOB,,AUD
0000000018,PO04,FCA,,CNY
0000001812,PO03,CPT,,AUD
0000000310,PO03,FOB,,CNY
0000001284,PO04,DAT,,GBP
0000000926,PO05,CFR,,JPY
0000000947,PO04,FCA,,JPY
0000001590,PO01,DDP,,CAD
0000001169,PO03,EXW,,USD
0000001543,PO04,CPT,,KRW
0000000173,PO04,DAT,,EUR
0000000763,PO03,CIP,,JPY
0000001996,PO02,CIP,,EUR
0000000547,PO03,CIF,,USD
0000000884,PO05,CPT,,KRW
0000001964,PO01,FCA,,KRW
0000001836,PO01,EXW,,USD
0000000124,PO01,CIF,,GBP
0000001792,PO04,CIF,,CAD
0000001404,PO03,FCA,,BRL
0000001140,PO05,CFR,,BRL
0000001206,PO01,CIP,,GBP
0000001480,PO03,CPT,,EUR
0000000097,PO04,DDP,,USD
0000001870,PO02,CFR,,JPY
0000001119,PO03,FOB,,CNY
0000000839,PO01,FCA,,USD
0000001218,PO03,FOB,,BRL
0000000567,PO03,DAT,,CAD
0000000986,PO04,FOB,,CHF
0000001172,PO04,DAT,,EUR
0000001639,PO05,FOB,,CAD
0000000648,PO04,CIP,,GBP
0000000156,PO03,FOB,,BRL
0000001768,PO02,CFR,,KRW
0000001944,PO02,FOB,,CHF
0000000234,PO02,CPT,,BRL
0000000697,PO05,CFR,,JPY
0000001872,PO03,DAP,,AUD
0000001371,PO03,CIP,,EUR
0000001130,PO01,DDP,,USD
0000000045,PO01,DAT,,GBP
0000000786,PO01,DDP,,EUR
0000001807,PO03,CFR,,BRL
0000001927,PO03,CIF,,CAD
0000000571,PO04,DAT,,KRW
0000001392,PO04,DAP,,JPY
0000000217,PO04,CIF,,CNY
0000000037,PO05,CFR,,GBP
0000001901,PO03,DAT,,USD
0000001508,PO01,CFR,,CHF
0000001845,PO02,DDP,,AUD
0000000660,PO02,FCA,,EUR
0000001886,PO02,DAT,,GBP
0000001850,PO03,CPT,,CHF
0000000099,PO02,EXW,,KRW
0000001276,PO04,DAT,,USD
0000001027,PO05,DAP,,KRW
0000001719,PO05,CIF,,CAD
0000001941,PO02,CIP,,JPY
0000000142,PO03,CIP,,CHF
0000000950,PO05,CFR,,CAD
0000001586,PO03,EXW,,KRW
0000001938,PO01,DAP,,AUD
0000001014,PO02,FCA,,JPY
0000000382,PO02,EXW,,KRW
0000000081,PO01,FOB,,USD
0000000018,PO05,DAT,,JPY
0000000890,PO02,CIP,,GBP
0000000215,PO01,EXW,,AUD
0000000229,PO01,DDP,,KRW
0000001759,PO05,FCA,,CHF
0000001906,PO04,CIF,,KRW
0000001667,PO04,DAP,,KRW
0000000796,PO05,DDP,,EUR
0000001018,PO02,DAP,,EUR
0000000969,PO05,EXW,,CHF
0000000375,PO03,CFR,,BRL
0000001500,PO03,DAT,,USD
0000000108,PO02,CIP,,JPY
0000001901,PO04,DAT,,EUR
0000000655,PO01,CIP,,CAD
0000001950,PO03,CIP,,CHF
0000001152,PO01,DAT,,USD
0000001754,PO04,DDP,,CNY
0000000418,PO03,DAP,,BRL
0000000721,PO01,DDP,,CAD
0000001503,PO03,CIF,,CNY
0000000096,PO03,DAP,,CAD
0000001509,PO05,FOB,,USD
0000001552,PO03,CIF,,CHF
0000001279,PO01,DAT,,EUR
0000000120,PO02,CPT,,CAD
0000001066,PO02,DAT,,AUD
0000000822,PO02,FCA,,EUR
0000000023,PO04,CIF,,USD
0000001570,PO05,CIF,,EUR
0000001113,PO02,CIP,,AUD
0000001457,PO02,CFR,,AUD
0000001920,PO04,EXW,,USD
0000000640,PO03,FCA,,AUD
0000001388,PO03,CIP,,GBP
0000000920,PO04,FOB,,CAD
0000000798,PO04,CPT,,JPY
0000000917,PO04,DAT,,JPY
0000000183,PO04,EXW,,EUR
0000000968,PO03,DAT,,CNY
0000000129,PO02,FOB,,CHF
0000000510,PO04,EXW,,CNY
0000001236,PO05,DDP,,AUD
0000001357,PO02,DDP,,CHF
0000001250,PO01,DAP,,USD
0000001638,PO03,EXW,,CHF
0000001474,PO03,CFR,,CHF
0000000305,PO04,FOB,,JPY
0000000736,PO02,CIP,,CNY
0000000243,PO04,CIF,,CAD
0000000375,PO01,DAP,,CAD
0000000575,PO03,CPT,,CHF
0000000446,PO04,CIP,,KRW
0000000974,PO01,DDP,,CAD
0000001551,PO05,DDP,,JPY
0000000296,PO03,FCA,,EUR
0000001854,PO01,CPT,,CHF
0000001643,PO03,DDP,,USD
0000001481,PO05,EXW,,USD
0000000284,PO05,FCA,,USD
0000001767,PO01,CPT,,CNY
0000000347,PO04,DAP,,GBP
0000000660,PO03,EXW,,KRW
0000000637,PO01,DDP,,AUD
0000000623,PO03,DAP,,CHF
0000001096,PO05,CIP,,CAD
0000000247,PO01,CPT,,AUD
0000001396,PO04,FCA,,JPY
0000000099,PO01,CPT,,EUR
0000001971,PO02,DDP,,USD
0000001349,PO02,CPT,,AUD
0000001510,PO03,DAP,,AUD
0000000201,PO05,FCA,,CAD
0000001675,PO05,FCA,,USD
0000000978,PO02,FOB,,EUR
0000000950,PO04,CFR,,GBP
0000000036,PO03,CPT,,KRW
0000001244,PO03,FOB,,EUR
0000000689,PO05,CIF,,CNY
0000001300,PO05,CPT,,USD
0000000537,PO04,CFR,,CNY
0000000668,PO05,FOB,,USD
0000001168,PO05,CIP,,BRL
0000000902,PO04,FOB,,CNY
0000000494,PO04,FCA,,CHF
0000001514,PO01,CIP,,KRW
0000000887,PO03,DDP,,KRW
0000000991,PO05,CIF,,CHF
0000001995,PO04,DAP,,BRL
0000001419,PO04,CPT,,CAD
0000000620,PO04,DDP,,CAD
0000001695,PO01,DDP,,KRW
0000000948,PO01,CIF,,BRL
0000000567,PO01,DAT,,CHF
0000000677,PO03,CFR,,BRL
0000001065,PO04,DAP,,CHF
0000000357,PO04,DAP,,GBP
0000001258,PO02,DAT,,USD
0000001026,PO05,DAT,,BRL
0000001551,PO03,DAP,,GBP
0000000558,PO03,FCA,,BRL
0000000790,PO05,CPT,,CNY
0000000098,PO04,FOB,,JPY
0000001118,PO04,CFR,,JPY
0000000384,PO04,CIF,,EUR
0000001993,PO03,CIF,,CNY
0000001603,PO02,FOB,,AUD
0000000797,PO05,CIF,,BRL
0000000174,PO03,FOB,,KRW
0000000425,PO04,CFR,,GBP
0000000859,PO05,CPT,,CNY
0000000480,PO01,DDP,,AUD
0000000661,PO05,FOB,,GBP
0000000040,PO01,FCA,,CAD
0000000066,PO04,DAP,,EUR
0000000837,PO04,EXW,,GBP
0000001611,PO05,DDP,,KRW
0000000786,PO02,CIP,,BRL
0000001861,PO03,CPT,,USD
0000001864,PO03,FCA,,EUR
0000000394,PO04,CPT,,EUR
0000001105,PO02,EXW,,CAD
0000000451,PO03,CFR,,BRL
0000001355,PO04,DAP,,USD
0000001529,PO01,FOB,,EUR
0000000597,PO02,CFR,,USD
0000001147,PO04,CFR,,USD
0000000414,PO03,CIP,,EUR
0000001402,PO05,FOB,,KRW
0000000288,PO01,CFR,,KRW
0000001060,PO03,CIP,,AUD
0000001807,PO02,CIP,,AUD
0000000741,PO04,CIF,,CHF
0000001133,PO03,FCA,,BRL
0000001746,PO04,DDP,,USD
0000001824,PO03,CIF,,CAD
0000001524,PO01,FOB,,BRL
0000001481,PO04,DAT,,KRW
0000000655,PO03,CIP,,AUD
0000000702,PO04,CPT,,KRW
0000000727,PO02,EXW,,CNY
0000000205,PO02,CFR,,CHF
0000000220,PO03,CIF,,CAD
0000000340,PO02,CIF,,CHF
0000001880,PO05,FCA,,CHF
0000001666,PO03,DAP,,CAD
0000001691,PO01,DAT,,CNY
0000000201,PO02,EXW,,CNY
0000001394,PO02,EXW,,BRL
0000000166,PO02,DAT,,BRL
0000001461,PO01,CFR,,KRW
0000000135,PO04,CIP,,BRL
0000001503,PO01,CIF,,KRW
0000000989,PO04,FCA,,KRW
0000000490,PO05,CIP,,USD
0000000840,PO02,DAP,,BRL
0000000483,PO01,DAT,,JPY
0000000063,PO04,DAP,,CHF
0000001307,PO05,EXW,,BRL
0000001638,PO04,EXW,,CHF
0000000413,PO02,DAT,,CAD
0000000472,PO04,CIP,,CHF
0000001691,PO04,CPT,,AUD
0000000604,PO01,DAP,,GBP
0000001243,PO04,EXW,,CAD
0000000952,PO03,DAT,,AUD
0000000987,PO04,CFR,,CAD
0000001454,PO03,FOB,,USD
0000001430,PO02,FOB,,USD
0000000737,PO01,FCA,,GBP
0000000140,PO01,DDP,,CAD
0000001893,PO04,CFR,,EUR
0000001228,PO01,CIF,,CAD
0000001281,PO02,FCA,,CAD
0000001619,PO01,FOB,,JPY
0000000784,PO01,DAT,,CNY
0000001770,PO01,FOB,,USD
0000001004,PO05,DDP,,CHF
0000000731,PO05,DDP,,CAD
0000001980,PO05,CIF,,CHF
0000000401,PO02,DAP,,CNY
0000000452,PO02,EXW,,EUR
0000001851,PO05,FCA,,USD
0000001710,PO02,CIF,,CHF
0000001907,PO04,DDP,,AUD
0000000432,PO03,EXW,,USD
0000000621,PO02,CIP,,CHF
0000000559,PO05,CFR,,JPY
0000000854,PO03,FOB,,CHF
0000001058,PO05,CPT,,KRW
0000001362,PO04,FOB,,GBP
0000000383,PO02,FOB,,BRL
0000001447,PO01,FCA,,JPY
0000000966,PO04,DAP,,CAD
0000000209,PO01,FCA,,CHF
0000000292,PO03,CFR,,USD
0000001022,PO04,FCA,,CAD
0000000482,PO03,DDP,,AUD
0000000471,PO01,CPT,,BRL
0000001651,PO04,CFR,,CNY
0000000632,PO03,FCA,,JPY
0000000864,PO01,CIF,,JPY
0000000810,PO01,DAP,,USD
0000000959,PO05,FOB,,JPY
0000000266,PO03,EXW,,EUR
0000000170,PO04,CIF,,BRL
0000000932,PO02,EXW,,GBP
0000001218,PO01,EXW,,BRL
0000001258,PO05,FOB,,EUR
0000000071,PO03,DDP,,CNY
0000000877,PO05,EXW,,EUR
0000000185,PO04,DDP,,KRW
0000001683,PO03,CPT,,EUR
0000000550,PO03,DDP,,JPY
0000000883,PO02,FOB,,USD
0000001881,PO04,CIF,,USD
0000000888,PO02,CPT,,CNY
0000000754,PO02,CFR,,KRW
0000000441,PO02,FCA,,EUR
0000000730,PO04,DAP,,USD
0000001073,PO02,DAP,,CNY
0000001244,PO04,FCA,,JPY
0000001940,PO02,CPT,,CHF
0000000560,PO04,CIF,,KRW
0000000985,PO05,CFR,,AUD
0000000804,PO03,DDP,,AUD
0000000319,PO03,FOB,,CAD
0000001134,PO03,DAT,,GBP
0000000132,PO02,CPT,,USD
0000000740,PO03,CPT,,BRL
0000000994,PO05,CIP,,AUD
0000001669,PO05,CPT,,AUD
0000000891,PO02,DAT,,KRW
0000000263,PO02,CIP,,CNY
0000000718,PO04,CPT,,JPY
0000000398,PO04,DDP,,GBP
0000001298,PO03,FCA,,KRW
0000001383,PO02,DAT,,USD
0000001228,PO04,EXW,,CHF
0000000223,PO02,DAP,,CHF
0000001202,PO05,DDP,,CHF
0000001570,PO01,EXW,,AUD
0000001532,PO03,DAT,,GBP
0000000338,PO04,EXW,,GBP
0000000208,PO05,CIP,,CAD
0000000220,PO05,DAP,,EUR
0000001918,PO04,FCA,,USD
0000000775,PO05,CIP,,BRL
0000000025,PO05,DAP,,AUD
0000000364,PO02,CIP,,USD
0000000899,PO04,DAT,,JPY
0000001126,PO04,EXW,,GBP
0000000680,PO02,DAT,,BRL
0000000831,PO03,CFR,,CAD
0000000177,PO03,DAP,,AUD
0000001440,PO05,CIF,,JPY
0000001290,PO01,DDP,,CNY
0000000042,PO05,DDP,,JPY
0000000448,PO01,FCA,,CAD
0000000508,PO04,DAT,,CAD
0000001863,PO05,CFR,,BRL
0000000295,PO02,EXW,,BRL
