PRODUCT_NUMBER,VALUATION_AREA,VALUATION_CLASS,STANDARD_PRICE,PRICE_UNIT,CURRENCY
P000000001,P002,7920,0.00,1,EUR
P000000002,P001,7920,0.00,1,EUR
P000000003,P008,7920,0.00,1,EUR
P000000004,P002,7920,0.00,1,EUR
P000000005,P005,7920,0.00,1,EUR
P000000006,P009,7920,0.00,1,EUR
P000000007,P005,7920,0.00,1,EUR
P000000008,P001,3000,0.00,1,EUR
P000000009,P001,3000,0.00,1,EUR
P000000010,P005,3000,0.00,1,EUR
P000000011,P003,3000,0.00,1,EUR
P000000012,P002,3000,0.00,1,EUR
P000000013,P001,3000,0.00,1,EUR
P000000014,P001,7920,0.00,1,EUR
P000000015,P010,7920,0.00,1,EUR
P000000016,P004,7920,0.00,1,EUR
P000000017,P006,7920,0.00,1,EUR
P000000018,P008,3000,0.00,1,EUR
P000000019,P008,3000,0.00,1,EUR
P000000020,P009,3000,0.00,1,EUR
P000000021,P001,7921,0.00,1,EUR
P000000022,P009,7921,0.00,1,EUR
P000000023,P004,7921,0.00,1,EUR
P000000024,P005,7921,0.00,1,EUR
P000000025,P008,7920,0.00,1,EUR
P000000026,P007,3002,0.00,1,EUR
P000000027,P008,3002,0.00,1,EUR
P000000028,P004,3002,0.00,1,EUR
P000000029,P010,7920,0.00,1,EUR
P000000030,P001,3002,0.00,1,EUR
P000000031,P003,7920,0.00,1,EUR
P000000032,P008,7920,0.00,1,EUR
P000000033,P010,7920,0.00,1,EUR
P000000034,P010,3002,0.00,1,EUR
P000000035,P003,3001,0.00,1,EUR
P000000036,P001,3001,0.00,1,EUR
P000000037,P009,3001,0.00,1,EUR
P000000038,P006,3002,0.00,1,EUR
P000000039,P001,7920,0.00,1,EUR
P000000040,P004,3002,0.00,1,EUR
P000000041,P003,3000,0.00,1,EUR
P000000042,P005,3000,0.00,1,EUR
P000000043,P010,3000,0.00,1,EUR
P000000044,P010,7920,0.00,1,EUR
P000000045,P010,3002,0.00,1,EUR
P000000046,P001,3000,0.00,1,EUR
P000000047,P010,7920,0.00,1,EUR
P000000048,P004,3002,0.00,1,EUR
P000000049,P007,7920,0.00,1,EUR
P000000050,P002,3001,0.00,1,EUR
P000000051,P001,3000,0.00,1,EUR
P000000052,P007,7920,0.00,1,EUR
P000000053,P001,3002,0.00,1,EUR
P000000054,P010,3001,0.00,1,EUR
P000000055,P004,3000,0.00,1,EUR
P000000056,P005,3002,0.00,1,EUR
P000000057,P008,3001,0.00,1,EUR
P000000058,P005,7921,0.00,1,EUR
P000000059,P006,7921,0.00,1,EUR
P000000060,P010,3000,0.00,1,EUR
P000000061,P004,3000,0.00,1,EUR
P000000062,P001,3000,0.00,1,EUR
P000000063,P004,3001,0.00,1,EUR
P000000064,P001,7920,0.00,1,EUR
P000000065,P006,3000,0.00,1,EUR
P000000066,P009,3000,0.00,1,EUR
P000000067,P007,7920,0.00,1,EUR
P000000068,P001,7921,0.00,1,EUR
P000000069,P005,3001,0.00,1,EUR
P000000070,P001,3000,0.00,1,EUR
P000000071,P005,3000,0.00,1,EUR
P000000072,P002,7921,0.00,1,EUR
P000000073,P008,7920,0.00,1,EUR
P000000074,P009,3001,0.00,1,EUR
P000000075,P006,3002,0.00,1,EUR
P000000076,P009,3000,0.00,1,EUR
P000000077,P003,3002,0.00,1,EUR
P000000078,P005,3000,0.00,1,EUR
P000000079,P003,7921,0.00,1,EUR
P000000080,P006,3000,0.00,1,EUR
P000000081,P004,7920,0.00,1,EUR
P000000082,P007,3000,0.00,1,EUR
P000000083,P005,3000,0.00,1,EUR
P000000084,P001,3001,0.00,1,EUR
P000000085,P005,7921,0.00,1,EUR
P000000086,P009,3002,0.00,1,EUR
P000000087,P002,3000,0.00,1,EUR
P000000088,P006,7921,0.00,1,EUR
P000000089,P005,7920,0.00,1,EUR
P000000090,P001,3000,0.00,1,EUR
P000000091,P001,3001,0.00,1,EUR
P000000092,P001,3000,0.00,1,EUR
P000000093,P004,7921,0.00,1,EUR
P000000094,P001,3000,0.00,1,EUR
P000000095,P009,3001,0.00,1,EUR
P000000096,P003,3000,0.00,1,EUR
P000000097,P002,3002,0.00,1,EUR
P000000098,P008,3000,0.00,1,EUR
P000000099,P008,3002,0.00,1,EUR
P000000100,P002,3000,0.00,1,EUR
P000000101,P003,3000,0.00,1,EUR
P000000102,P004,7920,0.00,1,EUR
P000000103,P004,3001,0.00,1,EUR
P000000104,P005,7920,0.00,1,EUR
P000000105,P004,3000,0.00,1,EUR
P000000106,P001,3002,0.00,1,EUR
P000000107,P004,3001,0.00,1,EUR
P000000108,P004,3002,0.00,1,EUR
P000000109,P001,3000,0.00,1,EUR
P000000110,P001,3001,0.00,1,EUR
P000000111,P002,3000,0.00,1,EUR
P000000112,P008,3000,0.00,1,EUR
P000000113,P006,3000,0.00,1,EUR
P000000114,P002,7920,0.00,1,EUR
P000000115,P003,3001,0.00,1,EUR
P000000116,P006,7921,0.00,1,EUR
P000000117,P001,7921,0.00,1,EUR
P000000118,P007,3002,0.00,1,EUR
P000000119,P002,7921,0.00,1,EUR
P000000120,P010,3000,0.00,1,EUR
P000000121,P001,3000,0.00,1,EUR
P000000122,P010,3000,0.00,1,EUR
P000000123,P001,7920,0.00,1,EUR
P000000124,P005,3000,0.00,1,EUR
P000000125,P007,3000,0.00,1,EUR
P000000126,P001,3000,0.00,1,EUR
P000000127,P005,3000,0.00,1,EUR
P000000128,P006,3000,0.00,1,EUR
P000000129,P006,3000,0.00,1,EUR
P000000130,P006,3000,0.00,1,EUR
P000000131,P005,3000,0.00,1,EUR
P000000132,P008,7921,0.00,1,EUR
P000000133,P001,3000,0.00,1,EUR
P000000134,P009,7920,0.00,1,EUR
P000000135,P001,7921,0.00,1,EUR
P000000136,P002,3000,0.00,1,EUR
P000000137,P001,3000,0.00,1,EUR
P000000138,P004,3002,0.00,1,EUR
P000000139,P008,3001,0.00,1,EUR
P000000140,P009,3000,0.00,1,EUR
P000000141,P004,7920,0.00,1,EUR
P000000142,P004,3001,0.00,1,EUR
P000000143,P005,3000,0.00,1,EUR
P000000144,P009,3000,0.00,1,EUR
P000000145,P009,7921,0.00,1,EUR
P000000146,P001,7920,0.00,1,EUR
P000000147,P001,3000,0.00,1,EUR
P000000148,P009,3001,0.00,1,EUR
P000000149,P007,3000,0.00,1,EUR
P000000150,P003,3000,0.00,1,EUR
P000000151,P005,3000,0.00,1,EUR
P000000152,P006,3000,0.00,1,EUR
P000000153,P009,3001,0.00,1,EUR
P000000154,P001,7920,0.00,1,EUR
P000000155,P003,7920,0.00,1,EUR
P000000156,P001,3000,0.00,1,EUR
P000000157,P005,3000,0.00,1,EUR
P000000158,P010,3000,0.00,1,EUR
P000000159,P007,3000,0.00,1,EUR
P000000160,P010,3000,0.00,1,EUR
P000000161,P001,3000,0.00,1,EUR
P000000162,P006,7920,0.00,1,EUR
P000000163,P007,3000,0.00,1,EUR
P000000164,P001,3000,0.00,1,EUR
P000000165,P002,7921,0.00,1,EUR
P000000166,P010,7921,0.00,1,EUR
P000000167,P001,3002,0.00,1,EUR
P000000168,P010,3000,0.00,1,EUR
P000000169,P009,7920,0.00,1,EUR
P000000170,P001,3002,0.00,1,EUR
P000000171,P002,3002,0.00,1,EUR
P000000172,P006,3001,0.00,1,EUR
P000000173,P010,3002,0.00,1,EUR
P000000174,P010,7920,0.00,1,EUR
P000000175,P004,3000,0.00,1,EUR
P000000176,P007,3002,0.00,1,EUR
P000000177,P003,3000,0.00,1,EUR
P000000178,P001,3000,0.00,1,EUR
P000000179,P008,7920,0.00,1,EUR
P000000180,P009,3001,0.00,1,EUR
P000000181,P007,3000,0.00,1,EUR
P000000182,P001,3000,0.00,1,EUR
P000000183,P003,3000,0.00,1,EUR
P000000184,P002,3000,0.00,1,EUR
P000000185,P001,3002,0.00,1,EUR
P000000186,P001,7921,0.00,1,EUR
P000000187,P004,3002,0.00,1,EUR
P000000188,P002,3000,0.00,1,EUR
P000000189,P006,3002,0.00,1,EUR
P000000190,P006,3001,0.00,1,EUR
P000000191,P005,3000,0.00,1,EUR
P000000192,P007,7921,0.00,1,EUR
P000000193,P001,7920,0.00,1,EUR
P000000194,P005,3000,0.00,1,EUR
P000000195,P001,3000,0.00,1,EUR
P000000196,P004,3000,0.00,1,EUR
P000000197,P001,7920,0.00,1,EUR
P000000198,P004,3000,0.00,1,EUR
P000000199,P002,7920,0.00,1,EUR
P000000200,P001,7920,0.00,1,EUR
P000000201,P004,3000,0.00,1,EUR
P000000202,P010,3002,0.00,1,EUR
P000000203,P001,3001,0.00,1,EUR
P000000204,P001,3000,0.00,1,EUR
P000000205,P010,3001,0.00,1,EUR
P000000206,P001,3000,0.00,1,EUR
P000000207,P001,3000,0.00,1,EUR
P000000208,P008,3000,0.00,1,EUR
P000000209,P006,7920,0.00,1,EUR
P000000210,P010,3000,0.00,1,EUR
P000000211,P002,3000,0.00,1,EUR
P000000212,P009,3001,0.00,1,EUR
P000000213,P001,3000,0.00,1,EUR
P000000214,P004,3000,0.00,1,EUR
P000000215,P001,3000,0.00,1,EUR
P000000216,P003,3000,0.00,1,EUR
P000000217,P007,3001,0.00,1,EUR
P000000218,P006,3001,0.00,1,EUR
P000000219,P002,3002,0.00,1,EUR
P000000220,P008,3000,0.00,1,EUR
P000000221,P002,3000,0.00,1,EUR
P000000222,P009,3000,0.00,1,EUR
P000000223,P003,7920,0.00,1,EUR
P000000224,P002,3000,0.00,1,EUR
P000000225,P002,7921,0.00,1,EUR
P000000226,P006,3002,0.00,1,EUR
P000000227,P010,3000,0.00,1,EUR
P000000228,P009,7921,0.00,1,EUR
P000000229,P006,7920,0.00,1,EUR
P000000230,P002,3000,0.00,1,EUR
P000000231,P005,3000,0.00,1,EUR
P000000232,P003,3000,0.00,1,EUR
P000000233,P003,3001,0.00,1,EUR
P000000234,P005,3001,0.00,1,EUR
P000000235,P005,3000,0.00,1,EUR
P000000236,P010,3000,0.00,1,EUR
P000000237,P007,3000,0.00,1,EUR
P000000238,P002,7920,0.00,1,EUR
P000000239,P002,7921,0.00,1,EUR
P000000240,P004,3000,0.00,1,EUR
P000000241,P007,7921,0.00,1,EUR
P000000242,P004,3001,0.00,1,EUR
P000000243,P003,3000,0.00,1,EUR
P000000244,P005,3000,0.00,1,EUR
P000000245,P002,3000,0.00,1,EUR
P000000246,P010,7920,0.00,1,EUR
P000000247,P006,7921,0.00,1,EUR
P000000248,P001,3001,0.00,1,EUR
P000000249,P010,3001,0.00,1,EUR
P000000250,P003,3000,0.00,1,EUR
P000000251,P010,3000,0.00,1,EUR
P000000252,P007,7920,0.00,1,EUR
P000000253,P003,3000,0.00,1,EUR
P000000254,P003,3000,0.00,1,EUR
P000000255,P007,3001,0.00,1,EUR
P000000256,P010,3001,0.00,1,EUR
P000000257,P006,3000,0.00,1,EUR
P000000258,P003,3000,0.00,1,EUR
P000000259,P008,3001,0.00,1,EUR
P000000260,P007,3000,0.00,1,EUR
P000000261,P010,3000,0.00,1,EUR
P000000262,P002,7921,0.00,1,EUR
P000000263,P004,3002,0.00,1,EUR
P000000264,P002,3001,0.00,1,EUR
P000000265,P006,3000,0.00,1,EUR
P000000266,P007,7921,0.00,1,EUR
P000000267,P010,3001,0.00,1,EUR
P000000268,P006,7921,0.00,1,EUR
P000000269,P001,7921,0.00,1,EUR
P000000270,P001,3000,0.00,1,EUR
P000000271,P002,3000,0.00,1,EUR
P000000272,P005,3000,0.00,1,EUR
P000000273,P006,7920,0.00,1,EUR
P000000274,P008,3001,0.00,1,EUR
P000000275,P004,7920,0.00,1,EUR
P000000276,P002,3002,0.00,1,EUR
P000000277,P007,3000,0.00,1,EUR
P000000278,P002,3001,0.00,1,EUR
P000000279,P003,3001,0.00,1,EUR
P000000280,P006,3001,0.00,1,EUR
P000000281,P009,3000,0.00,1,EUR
P000000282,P008,7921,0.00,1,EUR
P000000283,P010,3001,0.00,1,EUR
P000000284,P006,3000,0.00,1,EUR
P000000285,P002,3000,0.00,1,EUR
P000000286,P009,3000,0.00,1,EUR
P000000287,P009,7920,0.00,1,EUR
P000000288,P009,7920,0.00,1,EUR
P000000289,P008,3001,0.00,1,EUR
P000000290,P001,7920,0.00,1,EUR
P000000291,P001,7921,0.00,1,EUR
P000000292,P003,3000,0.00,1,EUR
P000000293,P002,3002,0.00,1,EUR
P000000294,P007,3000,0.00,1,EUR
P000000295,P001,7920,0.00,1,EUR
P000000296,P009,3000,0.00,1,EUR
P000000297,P001,7921,0.00,1,EUR
P000000298,P002,3001,0.00,1,EUR
P000000299,P001,3000,0.00,1,EUR
P000000300,P007,7920,0.00,1,EUR
P000000301,P006,7921,0.00,1,EUR
P000000302,P006,3000,0.00,1,EUR
P000000303,P004,7920,0.00,1,EUR
P000000304,P005,3002,0.00,1,EUR
P000000305,P001,3000,0.00,1,EUR
P000000306,P010,7920,0.00,1,EUR
P000000307,P006,7921,0.00,1,EUR
P000000308,P004,3001,0.00,1,EUR
P000000309,P001,7921,0.00,1,EUR
P000000310,P006,7920,0.00,1,EUR
P000000311,P004,3000,0.00,1,EUR
P000000312,P008,3000,0.00,1,EUR
P000000313,P009,3001,0.00,1,EUR
P000000314,P001,7921,0.00,1,EUR
P000000315,P001,3000,0.00,1,EUR
P000000316,P009,3000,0.00,1,EUR
P000000317,P005,3002,0.00,1,EUR
P000000318,P008,3002,0.00,1,EUR
P000000319,P009,3001,0.00,1,EUR
P000000320,P008,3000,0.00,1,EUR
P000000321,P004,3000,0.00,1,EUR
P000000322,P003,3001,0.00,1,EUR
P000000323,P005,3000,0.00,1,EUR
P000000324,P005,7920,0.00,1,EUR
P000000325,P005,3001,0.00,1,EUR
P000000326,P001,3000,0.00,1,EUR
P000000327,P001,7920,0.00,1,EUR
P000000328,P003,7921,0.00,1,EUR
P000000329,P002,3000,0.00,1,EUR
P000000330,P002,3000,0.00,1,EUR
P000000331,P003,3000,0.00,1,EUR
P000000332,P007,3002,0.00,1,EUR
P000000333,P001,3000,0.00,1,EUR
P000000334,P005,3002,0.00,1,EUR
P000000335,P001,3000,0.00,1,EUR
P000000336,P003,3001,0.00,1,EUR
P000000337,P001,3001,0.00,1,EUR
P000000338,P005,3002,0.00,1,EUR
P000000339,P008,3000,0.00,1,EUR
P000000340,P008,3000,0.00,1,EUR
P000000341,P003,3001,0.00,1,EUR
P000000342,P008,3000,0.00,1,EUR
P000000343,P007,3000,0.00,1,EUR
P000000344,P001,3001,0.00,1,EUR
P000000345,P001,7921,0.00,1,EUR
P000000346,P010,3000,0.00,1,EUR
P000000347,P006,3000,0.00,1,EUR
P000000348,P001,3000,0.00,1,EUR
P000000349,P007,3000,0.00,1,EUR
P000000350,P006,7920,0.00,1,EUR
P000000351,P003,3000,0.00,1,EUR
P000000352,P006,3002,0.00,1,EUR
P000000353,P003,3000,0.00,1,EUR
P000000354,P008,7920,0.00,1,EUR
P000000355,P003,7920,0.00,1,EUR
P000000356,P001,3001,0.00,1,EUR
P000000357,P009,3000,0.00,1,EUR
P000000358,P001,3000,0.00,1,EUR
P000000359,P009,3000,0.00,1,EUR
P000000360,P002,3002,0.00,1,EUR
P000000361,P002,3001,0.00,1,EUR
P000000362,P010,3000,0.00,1,EUR
P000000363,P004,3001,0.00,1,EUR
P000000364,P009,3000,0.00,1,EUR
P000000365,P001,3000,0.00,1,EUR
P000000366,P010,3000,0.00,1,EUR
P000000367,P001,7920,0.00,1,EUR
P000000368,P001,3002,0.00,1,EUR
P000000369,P004,7921,0.00,1,EUR
P000000370,P001,7920,0.00,1,EUR
P000000371,P001,3000,0.00,1,EUR
P000000372,P004,3001,0.00,1,EUR
P000000373,P003,3000,0.00,1,EUR
P000000374,P007,7921,0.00,1,EUR
P000000375,P002,3000,0.00,1,EUR
P000000376,P005,3000,0.00,1,EUR
P000000377,P008,3000,0.00,1,EUR
P000000378,P005,3001,0.00,1,EUR
P000000379,P005,3000,0.00,1,EUR
P000000380,P008,3000,0.00,1,EUR
P000000381,P001,3000,0.00,1,EUR
P000000382,P007,7920,0.00,1,EUR
P000000383,P010,7920,0.00,1,EUR
P000000384,P003,3000,0.00,1,EUR
P000000385,P001,3000,0.00,1,EUR
P000000386,P003,7921,0.00,1,EUR
P000000387,P006,3000,0.00,1,EUR
P000000388,P004,3001,0.00,1,EUR
P000000389,P008,7921,0.00,1,EUR
P000000390,P004,7921,0.00,1,EUR
P000000391,P008,3000,0.00,1,EUR
P000000392,P005,3001,0.00,1,EUR
P000000393,P007,3000,0.00,1,EUR
P000000394,P005,3000,0.00,1,EUR
P000000395,P008,3002,0.00,1,EUR
P000000396,P008,3000,0.00,1,EUR
P000000397,P003,3000,0.00,1,EUR
P000000398,P005,3002,0.00,1,EUR
P000000399,P008,3000,0.00,1,EUR
P000000400,P010,3000,0.00,1,EUR
P000000401,P003,3000,0.00,1,EUR
P000000402,P002,3000,0.00,1,EUR
P000000403,P010,3000,0.00,1,EUR
P000000404,P003,3000,0.00,1,EUR
P000000405,P009,3000,0.00,1,EUR
P000000406,P003,3002,0.00,1,EUR
P000000407,P005,7920,0.00,1,EUR
P000000408,P005,3000,0.00,1,EUR
P000000409,P001,3000,0.00,1,EUR
P000000410,P001,7920,0.00,1,EUR
P000000411,P006,3000,0.00,1,EUR
P000000412,P008,7920,0.00,1,EUR
P000000413,P003,3002,0.00,1,EUR
P000000414,P009,3000,0.00,1,EUR
P000000415,P007,7921,0.00,1,EUR
P000000416,P003,3000,0.00,1,EUR
P000000417,P002,3000,0.00,1,EUR
P000000418,P002,7920,0.00,1,EUR
P000000419,P002,3002,0.00,1,EUR
P000000420,P003,3000,0.00,1,EUR
P000000421,P010,3000,0.00,1,EUR
P000000422,P006,3000,0.00,1,EUR
P000000423,P006,7921,0.00,1,EUR
P000000424,P006,3000,0.00,1,EUR
P000000425,P007,3000,0.00,1,EUR
P000000426,P001,3002,0.00,1,EUR
P000000427,P001,7921,0.00,1,EUR
P000000428,P009,3000,0.00,1,EUR
P000000429,P001,3000,0.00,1,EUR
P000000430,P001,3001,0.00,1,EUR
P000000431,P006,3000,0.00,1,EUR
P000000432,P009,3001,0.00,1,EUR
P000000433,P006,3000,0.00,1,EUR
P000000434,P001,3000,0.00,1,EUR
P000000435,P006,3000,0.00,1,EUR
P000000436,P006,3002,0.00,1,EUR
P000000437,P001,3000,0.00,1,EUR
P000000438,P010,3002,0.00,1,EUR
P000000439,P002,3000,0.00,1,EUR
P000000440,P002,7920,0.00,1,EUR
P000000441,P005,3001,0.00,1,EUR
P000000442,P007,7920,0.00,1,EUR
P000000443,P004,3000,0.00,1,EUR
P000000444,P007,3000,0.00,1,EUR
P000000445,P005,7921,0.00,1,EUR
P000000446,P009,3000,0.00,1,EUR
P000000447,P005,3001,0.00,1,EUR
P000000448,P005,3000,0.00,1,EUR
P000000449,P006,3001,0.00,1,EUR
P000000450,P005,3000,0.00,1,EUR
P000000451,P003,3000,0.00,1,EUR
P000000452,P007,3002,0.00,1,EUR
P000000453,P001,3002,0.00,1,EUR
P000000454,P002,3001,0.00,1,EUR
P000000455,P009,7920,0.00,1,EUR
P000000456,P002,3000,0.00,1,EUR
P000000457,P007,3000,0.00,1,EUR
P000000458,P005,7921,0.00,1,EUR
P000000459,P008,3001,0.00,1,EUR
P000000460,P004,3000,0.00,1,EUR
P000000461,P004,3000,0.00,1,EUR
P000000462,P002,3000,0.00,1,EUR
P000000463,P006,3000,0.00,1,EUR
P000000464,P005,7921,0.00,1,EUR
P000000465,P002,3000,0.00,1,EUR
P000000466,P005,7920,0.00,1,EUR
P000000467,P004,3002,0.00,1,EUR
P000000468,P002,7920,0.00,1,EUR
P000000469,P001,3001,0.00,1,EUR
P000000470,P005,7920,0.00,1,EUR
P000000471,P009,7921,0.00,1,EUR
P000000472,P001,3000,0.00,1,EUR
P000000473,P003,3000,0.00,1,EUR
P000000474,P006,3001,0.00,1,EUR
P000000475,P004,7921,0.00,1,EUR
P000000476,P010,7920,0.00,1,EUR
P000000477,P003,3000,0.00,1,EUR
P000000478,P002,3000,0.00,1,EUR
P000000479,P003,3000,0.00,1,EUR
P000000480,P005,7920,0.00,1,EUR
P000000481,P001,3000,0.00,1,EUR
P000000482,P009,3000,0.00,1,EUR
P000000483,P006,3002,0.00,1,EUR
P000000484,P003,3000,0.00,1,EUR
P000000485,P001,7920,0.00,1,EUR
P000000486,P001,7920,0.00,1,EUR
P000000487,P003,3001,0.00,1,EUR
P000000488,P001,7920,0.00,1,EUR
P000000489,P001,3000,0.00,1,EUR
P000000490,P007,3000,0.00,1,EUR
P000000491,P007,3002,0.00,1,EUR
P000000492,P005,7921,0.00,1,EUR
P000000493,P005,3002,0.00,1,EUR
P000000494,P007,3002,0.00,1,EUR
P000000495,P009,3000,0.00,1,EUR
P000000496,P005,7920,0.00,1,EUR
P000000497,P001,3002,0.00,1,EUR
P000000498,P001,7920,0.00,1,EUR
P000000499,P001,7921,0.00,1,EUR
P000000500,P002,3000,0.00,1,EUR
P000000501,P008,3000,0.00,1,EUR
P000000502,P006,3000,0.00,1,EUR
P000000503,P009,7921,0.00,1,EUR
P000000504,P008,3002,0.00,1,EUR
P000000505,P006,3000,0.00,1,EUR
P000000506,P006,7921,0.00,1,EUR
P000000507,P003,7921,0.00,1,EUR
P000000508,P009,3001,0.00,1,EUR
P000000509,P009,3000,0.00,1,EUR
P000000510,P004,3000,0.00,1,EUR
P000000511,P005,3000,0.00,1,EUR
P000000512,P005,7920,0.00,1,EUR
P000000513,P008,3000,0.00,1,EUR
P000000514,P009,3002,0.00,1,EUR
P000000515,P005,3000,0.00,1,EUR
P000000516,P009,3000,0.00,1,EUR
P000000517,P003,3001,0.00,1,EUR
P000000518,P008,3000,0.00,1,EUR
P000000519,P001,3000,0.00,1,EUR
P000000520,P001,3000,0.00,1,EUR
P000000521,P008,3001,0.00,1,EUR
P000000522,P008,3000,0.00,1,EUR
P000000523,P004,3000,0.00,1,EUR
P000000524,P009,7921,0.00,1,EUR
P000000525,P003,3000,0.00,1,EUR
P000000526,P001,3000,0.00,1,EUR
P000000527,P004,3000,0.00,1,EUR
P000000528,P007,3000,0.00,1,EUR
P000000529,P006,3001,0.00,1,EUR
P000000530,P002,7920,0.00,1,EUR
P000000531,P002,7921,0.00,1,EUR
P000000532,P001,3000,0.00,1,EUR
P000000533,P009,3000,0.00,1,EUR
P000000534,P010,3000,0.00,1,EUR
P000000535,P002,3000,0.00,1,EUR
P000000536,P003,3000,0.00,1,EUR
P000000537,P009,3000,0.00,1,EUR
P000000538,P001,3000,0.00,1,EUR
P000000539,P001,3002,0.00,1,EUR
P000000540,P004,7920,0.00,1,EUR
P000000541,P006,3000,0.00,1,EUR
P000000542,P002,7920,0.00,1,EUR
P000000543,P008,3000,0.00,1,EUR
P000000544,P008,3001,0.00,1,EUR
P000000545,P004,3000,0.00,1,EUR
P000000546,P001,3001,0.00,1,EUR
P000000547,P001,7920,0.00,1,EUR
P000000548,P010,7920,0.00,1,EUR
P000000549,P009,3000,0.00,1,EUR
P000000550,P001,3002,0.00,1,EUR
P000000551,P002,7920,0.00,1,EUR
P000000552,P006,7920,0.00,1,EUR
P000000553,P004,3000,0.00,1,EUR
P000000554,P010,3000,0.00,1,EUR
P000000555,P005,3000,0.00,1,EUR
P000000556,P002,3002,0.00,1,EUR
P000000557,P010,3000,0.00,1,EUR
P000000558,P002,7921,0.00,1,EUR
P000000559,P009,3000,0.00,1,EUR
P000000560,P008,3000,0.00,1,EUR
P000000561,P008,7920,0.00,1,EUR
P000000562,P003,3002,0.00,1,EUR
P000000563,P009,7920,0.00,1,EUR
P000000564,P003,3000,0.00,1,EUR
P000000565,P010,7920,0.00,1,EUR
P000000566,P004,3002,0.00,1,EUR
P000000567,P004,3001,0.00,1,EUR
P000000568,P007,3000,0.00,1,EUR
P000000569,P001,3001,0.00,1,EUR
P000000570,P007,7921,0.00,1,EUR
P000000571,P003,3000,0.00,1,EUR
P000000572,P005,3000,0.00,1,EUR
P000000573,P007,3002,0.00,1,EUR
P000000574,P001,3000,0.00,1,EUR
P000000575,P001,3002,0.00,1,EUR
P000000576,P004,7920,0.00,1,EUR
P000000577,P007,3000,0.00,1,EUR
P000000578,P005,3000,0.00,1,EUR
P000000579,P001,3000,0.00,1,EUR
P000000580,P005,3002,0.00,1,EUR
P000000581,P001,3000,0.00,1,EUR
P000000582,P007,3000,0.00,1,EUR
P000000583,P003,3000,0.00,1,EUR
P000000584,P010,3001,0.00,1,EUR
P000000585,P007,3002,0.00,1,EUR
P000000586,P010,3001,0.00,1,EUR
P000000587,P002,3000,0.00,1,EUR
P000000588,P008,3000,0.00,1,EUR
P000000589,P007,3001,0.00,1,EUR
P000000590,P004,7921,0.00,1,EUR
P000000591,P001,3002,0.00,1,EUR
P000000592,P005,3000,0.00,1,EUR
P000000593,P008,3002,0.00,1,EUR
P000000594,P001,3000,0.00,1,EUR
P000000595,P008,3000,0.00,1,EUR
P000000596,P001,3000,0.00,1,EUR
P000000597,P001,3001,0.00,1,EUR
P000000598,P007,7920,0.00,1,EUR
P000000599,P003,3001,0.00,1,EUR
P000000600,P002,3000,0.00,1,EUR
P000000601,P002,3002,0.00,1,EUR
P000000602,P002,3000,0.00,1,EUR
P000000603,P010,3001,0.00,1,EUR
P000000604,P004,7920,0.00,1,EUR
P000000605,P001,3000,0.00,1,EUR
P000000606,P004,3001,0.00,1,EUR
P000000607,P003,7920,0.00,1,EUR
P000000608,P007,3001,0.00,1,EUR
P000000609,P010,7920,0.00,1,EUR
P000000610,P002,3001,0.00,1,EUR
P000000611,P009,7921,0.00,1,EUR
P000000612,P006,3000,0.00,1,EUR
P000000613,P009,3000,0.00,1,EUR
P000000614,P002,3000,0.00,1,EUR
P000000615,P007,3000,0.00,1,EUR
P000000616,P005,7921,0.00,1,EUR
P000000617,P009,3000,0.00,1,EUR
P000000618,P001,3001,0.00,1,EUR
P000000619,P001,3000,0.00,1,EUR
P000000620,P010,3001,0.00,1,EUR
P000000621,P005,3000,0.00,1,EUR
P000000622,P009,3000,0.00,1,EUR
P000000623,P002,3000,0.00,1,EUR
P000000624,P003,7921,0.00,1,EUR
P000000625,P005,3000,0.00,1,EUR
P000000626,P009,7921,0.00,1,EUR
P000000627,P010,7921,0.00,1,EUR
P000000628,P004,3001,0.00,1,EUR
P000000629,P005,3000,0.00,1,EUR
P000000630,P002,3002,0.00,1,EUR
P000000631,P001,3000,0.00,1,EUR
P000000632,P005,7920,0.00,1,EUR
P000000633,P006,7921,0.00,1,EUR
P000000634,P002,7921,0.00,1,EUR
P000000635,P010,3002,0.00,1,EUR
P000000636,P008,7920,0.00,1,EUR
P000000637,P007,3002,0.00,1,EUR
P000000638,P001,3000,0.00,1,EUR
P000000639,P007,3000,0.00,1,EUR
P000000640,P002,7921,0.00,1,EUR
P000000641,P001,7921,0.00,1,EUR
P000000642,P010,7921,0.00,1,EUR
P000000643,P001,3000,0.00,1,EUR
P000000644,P001,3002,0.00,1,EUR
P000000645,P009,3000,0.00,1,EUR
P000000646,P001,3001,0.00,1,EUR
P000000647,P001,7920,0.00,1,EUR
P000000648,P001,3000,0.00,1,EUR
P000000649,P004,3000,0.00,1,EUR
P000000650,P001,3000,0.00,1,EUR
P000000651,P008,3001,0.00,1,EUR
P000000652,P010,3000,0.00,1,EUR
P000000653,P007,3000,0.00,1,EUR
P000000654,P004,3002,0.00,1,EUR
P000000655,P007,3000,0.00,1,EUR
P000000656,P005,7920,0.00,1,EUR
P000000657,P002,7920,0.00,1,EUR
P000000658,P009,7921,0.00,1,EUR
P000000659,P001,3000,0.00,1,EUR
P000000660,P005,3000,0.00,1,EUR
P000000661,P005,3000,0.00,1,EUR
P000000662,P007,3001,0.00,1,EUR
P000000663,P007,7920,0.00,1,EUR
P000000664,P006,3001,0.00,1,EUR
P000000665,P007,7920,0.00,1,EUR
P000000666,P002,3000,0.00,1,EUR
P000000667,P001,3001,0.00,1,EUR
P000000668,P007,3001,0.00,1,EUR
P000000669,P005,3000,0.00,1,EUR
P000000670,P010,7921,0.00,1,EUR
P000000671,P010,3000,0.00,1,EUR
P000000672,P005,3000,0.00,1,EUR
P000000673,P006,7920,0.00,1,EUR
P000000674,P007,7920,0.00,1,EUR
P000000675,P001,3000,0.00,1,EUR
P000000676,P002,3000,0.00,1,EUR
P000000677,P001,3000,0.00,1,EUR
P000000678,P008,3001,0.00,1,EUR
P000000679,P005,3000,0.00,1,EUR
P000000680,P004,7921,0.00,1,EUR
P000000681,P006,7920,0.00,1,EUR
P000000682,P008,3002,0.00,1,EUR
P000000683,P007,7920,0.00,1,EUR
P000000684,P008,7920,0.00,1,EUR
P000000685,P001,3000,0.00,1,EUR
P000000686,P003,3000,0.00,1,EUR
P000000687,P008,7920,0.00,1,EUR
P000000688,P001,3000,0.00,1,EUR
P000000689,P009,3000,0.00,1,EUR
P000000690,P001,7920,0.00,1,EUR
P000000691,P007,3001,0.00,1,EUR
P000000692,P001,3000,0.00,1,EUR
P000000693,P004,3000,0.00,1,EUR
P000000694,P010,7921,0.00,1,EUR
P000000695,P002,3000,0.00,1,EUR
P000000696,P007,3002,0.00,1,EUR
P000000697,P009,7921,0.00,1,EUR
P000000698,P004,3002,0.00,1,EUR
P000000699,P006,3001,0.00,1,EUR
P000000700,P003,3002,0.00,1,EUR
P000000701,P008,7921,0.00,1,EUR
P000000702,P001,3000,0.00,1,EUR
P000000703,P003,7920,0.00,1,EUR
P000000704,P001,3000,0.00,1,EUR
P000000705,P003,3000,0.00,1,EUR
P000000706,P007,3001,0.00,1,EUR
P000000707,P004,3002,0.00,1,EUR
P000000708,P001,3002,0.00,1,EUR
P000000709,P007,3000,0.00,1,EUR
P000000710,P004,3000,0.00,1,EUR
P000000711,P003,3000,0.00,1,EUR
P000000712,P002,3000,0.00,1,EUR
P000000713,P010,3000,0.00,1,EUR
P000000714,P007,7921,0.00,1,EUR
P000000715,P002,3000,0.00,1,EUR
P000000716,P009,3001,0.00,1,EUR
P000000717,P004,3000,0.00,1,EUR
P000000718,P007,3000,0.00,1,EUR
P000000719,P007,3002,0.00,1,EUR
P000000720,P001,3001,0.00,1,EUR
P000000721,P004,3002,0.00,1,EUR
P000000722,P008,3000,0.00,1,EUR
P000000723,P002,3001,0.00,1,EUR
P000000724,P003,3000,0.00,1,EUR
P000000725,P010,7921,0.00,1,EUR
P000000726,P002,3000,0.00,1,EUR
P000000727,P006,3000,0.00,1,EUR
P000000728,P001,3001,0.00,1,EUR
P000000729,P009,3000,0.00,1,EUR
P000000730,P009,3001,0.00,1,EUR
P000000731,P008,3001,0.00,1,EUR
P000000732,P002,3000,0.00,1,EUR
P000000733,P010,3001,0.00,1,EUR
P000000734,P007,3000,0.00,1,EUR
P000000735,P001,7921,0.00,1,EUR
P000000736,P009,3001,0.00,1,EUR
P000000737,P009,3000,0.00,1,EUR
P000000738,P006,7920,0.00,1,EUR
P000000739,P006,3000,0.00,1,EUR
P000000740,P009,3000,0.00,1,EUR
P000000741,P001,3000,0.00,1,EUR
P000000742,P005,7920,0.00,1,EUR
P000000743,P010,7920,0.00,1,EUR
P000000744,P007,3002,0.00,1,EUR
P000000745,P001,3002,0.00,1,EUR
P000000746,P004,3000,0.00,1,EUR
P000000747,P009,7921,0.00,1,EUR
P000000748,P007,7920,0.00,1,EUR
P000000749,P006,3001,0.00,1,EUR
P000000750,P010,3000,0.00,1,EUR
P000000751,P007,7921,0.00,1,EUR
P000000752,P006,3000,0.00,1,EUR
P000000753,P010,3000,0.00,1,EUR
P000000754,P010,3000,0.00,1,EUR
P000000755,P010,3000,0.00,1,EUR
P000000756,P003,7920,0.00,1,EUR
P000000757,P009,3000,0.00,1,EUR
P000000758,P002,3000,0.00,1,EUR
P000000759,P001,3002,0.00,1,EUR
P000000760,P002,7920,0.00,1,EUR
P000000761,P004,3000,0.00,1,EUR
P000000762,P002,7921,0.00,1,EUR
P000000763,P010,3000,0.00,1,EUR
P000000764,P003,3000,0.00,1,EUR
P000000765,P001,3002,0.00,1,EUR
P000000766,P007,7921,0.00,1,EUR
P000000767,P001,3002,0.00,1,EUR
P000000768,P005,7920,0.00,1,EUR
P000000769,P001,3000,0.00,1,EUR
P000000770,P008,3000,0.00,1,EUR
P000000771,P010,3002,0.00,1,EUR
P000000772,P010,3002,0.00,1,EUR
P000000773,P007,3000,0.00,1,EUR
P000000774,P007,3001,0.00,1,EUR
P000000775,P009,7920,0.00,1,EUR
P000000776,P001,7921,0.00,1,EUR
P000000777,P008,3000,0.00,1,EUR
P000000778,P006,3000,0.00,1,EUR
P000000779,P009,3000,0.00,1,EUR
P000000780,P009,3000,0.00,1,EUR
P000000781,P010,3000,0.00,1,EUR
P000000782,P007,3000,0.00,1,EUR
P000000783,P005,3000,0.00,1,EUR
P000000784,P001,3000,0.00,1,EUR
P000000785,P010,3002,0.00,1,EUR
P000000786,P001,3002,0.00,1,EUR
P000000787,P007,3002,0.00,1,EUR
P000000788,P010,3002,0.00,1,EUR
P000000789,P007,3000,0.00,1,EUR
P000000790,P010,3000,0.00,1,EUR
P000000791,P001,3001,0.00,1,EUR
P000000792,P009,3000,0.00,1,EUR
P000000793,P006,3000,0.00,1,EUR
P000000794,P001,3000,0.00,1,EUR
P000000795,P005,3002,0.00,1,EUR
P000000796,P002,3000,0.00,1,EUR
P000000797,P010,3000,0.00,1,EUR
P000000798,P009,3000,0.00,1,EUR
P000000799,P010,3000,0.00,1,EUR
P000000800,P001,3001,0.00,1,EUR
P000000801,P005,3000,0.00,1,EUR
P000000802,P009,3000,0.00,1,EUR
P000000803,P003,3001,0.00,1,EUR
P000000804,P007,3000,0.00,1,EUR
P000000805,P008,3002,0.00,1,EUR
P000000806,P001,3002,0.00,1,EUR
P000000807,P003,3001,0.00,1,EUR
P000000808,P004,7920,0.00,1,EUR
P000000809,P008,7921,0.00,1,EUR
P000000810,P005,3000,0.00,1,EUR
P000000811,P010,3001,0.00,1,EUR
P000000812,P003,3002,0.00,1,EUR
P000000813,P004,7921,0.00,1,EUR
P000000814,P001,3001,0.00,1,EUR
P000000815,P001,3000,0.00,1,EUR
P000000816,P003,7920,0.00,1,EUR
P000000817,P010,3000,0.00,1,EUR
P000000818,P003,3000,0.00,1,EUR
P000000819,P001,7920,0.00,1,EUR
P000000820,P001,3000,0.00,1,EUR
P000000821,P001,3000,0.00,1,EUR
P000000822,P010,7921,0.00,1,EUR
P000000823,P001,3001,0.00,1,EUR
P000000824,P004,3002,0.00,1,EUR
P000000825,P010,3001,0.00,1,EUR
P000000826,P002,3000,0.00,1,EUR
P000000827,P001,3000,0.00,1,EUR
P000000828,P002,3000,0.00,1,EUR
P000000829,P010,3000,0.00,1,EUR
P000000830,P001,3001,0.00,1,EUR
P000000831,P005,3001,0.00,1,EUR
P000000832,P005,3000,0.00,1,EUR
P000000833,P001,3000,0.00,1,EUR
P000000834,P007,3000,0.00,1,EUR
P000000835,P006,3001,0.00,1,EUR
P000000836,P009,3000,0.00,1,EUR
P000000837,P005,7920,0.00,1,EUR
P000000838,P003,7921,0.00,1,EUR
P000000839,P010,3000,0.00,1,EUR
P000000840,P003,7921,0.00,1,EUR
P000000841,P005,7921,0.00,1,EUR
P000000842,P008,3000,0.00,1,EUR
P000000843,P010,3002,0.00,1,EUR
P000000844,P008,3000,0.00,1,EUR
P000000845,P004,3000,0.00,1,EUR
P000000846,P002,3000,0.00,1,EUR
P000000847,P006,3002,0.00,1,EUR
P000000848,P002,3000,0.00,1,EUR
P000000849,P007,3002,0.00,1,EUR
P000000850,P002,3002,0.00,1,EUR
P000000851,P002,3000,0.00,1,EUR
P000000852,P001,3000,0.00,1,EUR
P000000853,P010,7920,0.00,1,EUR
P000000854,P005,3002,0.00,1,EUR
P000000855,P004,3000,0.00,1,EUR
P000000856,P003,3000,0.00,1,EUR
P000000857,P003,3002,0.00,1,EUR
P000000858,P010,3002,0.00,1,EUR
P000000859,P007,3000,0.00,1,EUR
P000000860,P007,3000,0.00,1,EUR
P000000861,P006,3000,0.00,1,EUR
P000000862,P006,3002,0.00,1,EUR
P000000863,P002,3001,0.00,1,EUR
P000000864,P006,3000,0.00,1,EUR
P000000865,P003,3000,0.00,1,EUR
P000000866,P008,7920,0.00,1,EUR
P000000867,P006,3000,0.00,1,EUR
P000000868,P010,3000,0.00,1,EUR
P000000869,P001,3002,0.00,1,EUR
P000000870,P005,3000,0.00,1,EUR
P000000871,P002,3000,0.00,1,EUR
P000000872,P005,3000,0.00,1,EUR
P000000873,P001,3002,0.00,1,EUR
P000000874,P008,3000,0.00,1,EUR
P000000875,P005,3001,0.00,1,EUR
P000000876,P010,3000,0.00,1,EUR
P000000877,P006,7921,0.00,1,EUR
P000000878,P001,7920,0.00,1,EUR
P000000879,P001,7920,0.00,1,EUR
P000000880,P004,3000,0.00,1,EUR
P000000881,P003,3000,0.00,1,EUR
P000000882,P006,3000,0.00,1,EUR
P000000883,P001,3000,0.00,1,EUR
P000000884,P010,3000,0.00,1,EUR
P000000885,P004,3001,0.00,1,EUR
P000000886,P010,3000,0.00,1,EUR
P000000887,P002,3000,0.00,1,EUR
P000000888,P001,3000,0.00,1,EUR
P000000889,P001,7921,0.00,1,EUR
P000000890,P002,3002,0.00,1,EUR
P000000891,P005,7920,0.00,1,EUR
P000000892,P006,7920,0.00,1,EUR
P000000893,P003,3002,0.00,1,EUR
P000000894,P002,3000,0.00,1,EUR
P000000895,P009,3000,0.00,1,EUR
P000000896,P008,7921,0.00,1,EUR
P000000897,P003,3000,0.00,1,EUR
P000000898,P008,7920,0.00,1,EUR
P000000899,P003,3001,0.00,1,EUR
P000000900,P008,3000,0.00,1,EUR
P000000901,P006,3000,0.00,1,EUR
P000000902,P006,7921,0.00,1,EUR
P000000903,P001,7921,0.00,1,EUR
P000000904,P002,3000,0.00,1,EUR
P000000905,P007,7921,0.00,1,EUR
P000000906,P004,3000,0.00,1,EUR
P000000907,P002,3001,0.00,1,EUR
P000000908,P001,3000,0.00,1,EUR
P000000909,P006,3000,0.00,1,EUR
P000000910,P002,3002,0.00,1,EUR
P000000911,P001,3000,0.00,1,EUR
P000000912,P001,7921,0.00,1,EUR
P000000913,P001,3000,0.00,1,EUR
P000000914,P010,3000,0.00,1,EUR
P000000915,P002,7920,0.00,1,EUR
P000000916,P004,3002,0.00,1,EUR
P000000917,P002,3002,0.00,1,EUR
P000000918,P006,3001,0.00,1,EUR
P000000919,P009,7920,0.00,1,EUR
P000000920,P005,3001,0.00,1,EUR
P000000921,P008,3000,0.00,1,EUR
P000000922,P006,3000,0.00,1,EUR
P000000923,P002,3000,0.00,1,EUR
P000000924,P001,7921,0.00,1,EUR
P000000925,P010,3000,0.00,1,EUR
P000000926,P008,3000,0.00,1,EUR
P000000927,P009,7920,0.00,1,EUR
P000000928,P001,7921,0.00,1,EUR
P000000929,P009,3002,0.00,1,EUR
P000000930,P004,7920,0.00,1,EUR
P000000931,P007,7921,0.00,1,EUR
P000000932,P006,3000,0.00,1,EUR
P000000933,P002,3000,0.00,1,EUR
P000000934,P002,3001,0.00,1,EUR
P000000935,P003,3000,0.00,1,EUR
P000000936,P002,7921,0.00,1,EUR
P000000937,P006,3000,0.00,1,EUR
P000000938,P008,3001,0.00,1,EUR
P000000939,P006,3000,0.00,1,EUR
P000000940,P006,3000,0.00,1,EUR
P000000941,P009,3000,0.00,1,EUR
P000000942,P001,3002,0.00,1,EUR
P000000943,P004,3000,0.00,1,EUR
P000000944,P008,3000,0.00,1,EUR
P000000945,P001,3000,0.00,1,EUR
P000000946,P004,3000,0.00,1,EUR
P000000947,P003,3002,0.00,1,EUR
P000000948,P006,3000,0.00,1,EUR
P000000949,P010,3000,0.00,1,EUR
P000000950,P001,7920,0.00,1,EUR
P000000951,P008,3001,0.00,1,EUR
P000000952,P006,3000,0.00,1,EUR
P000000953,P007,3000,0.00,1,EUR
P000000954,P004,3000,0.00,1,EUR
P000000955,P005,7920,0.00,1,EUR
P000000956,P008,3000,0.00,1,EUR
P000000957,P006,7921,0.00,1,EUR
P000000958,P007,3000,0.00,1,EUR
P000000959,P002,3000,0.00,1,EUR
P000000960,P010,3000,0.00,1,EUR
P000000961,P002,3000,0.00,1,EUR
P000000962,P004,3000,0.00,1,EUR
P000000963,P001,7920,0.00,1,EUR
P000000964,P004,3000,0.00,1,EUR
P000000965,P001,7921,0.00,1,EUR
P000000966,P005,3000,0.00,1,EUR
P000000967,P002,3001,0.00,1,EUR
P000000968,P007,3000,0.00,1,EUR
P000000969,P006,3000,0.00,1,EUR
P000000970,P010,3000,0.00,1,EUR
P000000971,P007,7921,0.00,1,EUR
P000000972,P010,7920,0.00,1,EUR
P000000973,P007,3000,0.00,1,EUR
P000000974,P007,3000,0.00,1,EUR
P000000975,P003,3000,0.00,1,EUR
P000000976,P010,3000,0.00,1,EUR
P000000977,P010,3000,0.00,1,EUR
P000000978,P008,3001,0.00,1,EUR
P000000979,P004,3000,0.00,1,EUR
P000000980,P008,3002,0.00,1,EUR
P000000981,P009,3002,0.00,1,EUR
P000000982,P002,3000,0.00,1,EUR
P000000983,P006,3000,0.00,1,EUR
P000000984,P010,3000,0.00,1,EUR
P000000985,P009,3000,0.00,1,EUR
P000000986,P008,3000,0.00,1,EUR
P000000987,P007,3000,0.00,1,EUR
P000000988,P001,3001,0.00,1,EUR
P000000989,P009,3000,0.00,1,EUR
P000000990,P001,7920,0.00,1,EUR
P000000991,P004,3000,0.00,1,EUR
P000000992,P002,3002,0.00,1,EUR
P000000993,P008,3000,0.00,1,EUR
P000000994,P001,3001,0.00,1,EUR
P000000995,P003,3002,0.00,1,EUR
P000000996,P010,3000,0.00,1,EUR
P000000997,P006,3000,0.00,1,EUR
P000000998,P001,3001,0.00,1,EUR
P000000999,P010,7921,0.00,1,EUR
P000001000,P003,7920,0.00,1,EUR
P000001001,P002,7921,0.00,1,EUR
P000001002,P009,3000,0.00,1,EUR
P000001003,P010,3000,0.00,1,EUR
P000001004,P005,3000,0.00,1,EUR
P000001005,P004,3000,0.00,1,EUR
P000001006,P009,7920,0.00,1,EUR
P000001007,P006,3001,0.00,1,EUR
P000001008,P008,3001,0.00,1,EUR
P000001009,P008,3000,0.00,1,EUR
P000001010,P004,3000,0.00,1,EUR
P000001011,P002,3000,0.00,1,EUR
P000001012,P006,7921,0.00,1,EUR
P000001013,P003,7921,0.00,1,EUR
P000001014,P010,3002,0.00,1,EUR
P000001015,P010,3000,0.00,1,EUR
P000001016,P008,3000,0.00,1,EUR
P000001017,P006,3000,0.00,1,EUR
P000001018,P002,3000,0.00,1,EUR
P000001019,P005,3000,0.00,1,EUR
P000001020,P010,7920,0.00,1,EUR
P000001021,P008,3001,0.00,1,EUR
P000001022,P005,3000,0.00,1,EUR
P000001023,P003,3000,0.00,1,EUR
P000001024,P005,3002,0.00,1,EUR
P000001025,P010,3001,0.00,1,EUR
P000001026,P001,7921,0.00,1,EUR
P000001027,P004,3002,0.00,1,EUR
P000001028,P004,3001,0.00,1,EUR
P000001029,P005,3000,0.00,1,EUR
P000001030,P005,7920,0.00,1,EUR
P000001031,P007,3002,0.00,1,EUR
P000001032,P010,3000,0.00,1,EUR
P000001033,P001,3002,0.00,1,EUR
P000001034,P007,3001,0.00,1,EUR
P000001035,P003,7921,0.00,1,EUR
P000001036,P001,3002,0.00,1,EUR
P000001037,P008,7920,0.00,1,EUR
P000001038,P002,3000,0.00,1,EUR
P000001039,P002,3000,0.00,1,EUR
P000001040,P005,7921,0.00,1,EUR
P000001041,P010,7920,0.00,1,EUR
P000001042,P008,3000,0.00,1,EUR
P000001043,P004,3002,0.00,1,EUR
P000001044,P005,3000,0.00,1,EUR
P000001045,P007,7920,0.00,1,EUR
P000001046,P008,3000,0.00,1,EUR
P000001047,P001,3000,0.00,1,EUR
P000001048,P004,3000,0.00,1,EUR
P000001049,P006,3001,0.00,1,EUR
P000001050,P010,3000,0.00,1,EUR
P000001051,P004,3000,0.00,1,EUR
P000001052,P005,3000,0.00,1,EUR
P000001053,P008,3000,0.00,1,EUR
P000001054,P004,7921,0.00,1,EUR
P000001055,P005,3000,0.00,1,EUR
P000001056,P004,3000,0.00,1,EUR
P000001057,P005,3001,0.00,1,EUR
P000001058,P006,3001,0.00,1,EUR
P000001059,P001,3000,0.00,1,EUR
P000001060,P001,3002,0.00,1,EUR
P000001061,P006,7920,0.00,1,EUR
P000001062,P008,3002,0.00,1,EUR
P000001063,P004,3000,0.00,1,EUR
P000001064,P002,7920,0.00,1,EUR
P000001065,P005,3000,0.00,1,EUR
P000001066,P006,3000,0.00,1,EUR
P000001067,P001,3000,0.00,1,EUR
P000001068,P005,7921,0.00,1,EUR
P000001069,P004,7921,0.00,1,EUR
P000001070,P001,7920,0.00,1,EUR
P000001071,P010,3000,0.00,1,EUR
P000001072,P007,3000,0.00,1,EUR
P000001073,P002,7921,0.00,1,EUR
P000001074,P010,3001,0.00,1,EUR
P000001075,P010,3002,0.00,1,EUR
P000001076,P009,3001,0.00,1,EUR
P000001077,P006,3000,0.00,1,EUR
P000001078,P009,7920,0.00,1,EUR
P000001079,P005,3000,0.00,1,EUR
P000001080,P001,3000,0.00,1,EUR
P000001081,P003,3001,0.00,1,EUR
P000001082,P007,3001,0.00,1,EUR
P000001083,P005,3000,0.00,1,EUR
P000001084,P006,3000,0.00,1,EUR
P000001085,P002,3000,0.00,1,EUR
P000001086,P008,7921,0.00,1,EUR
P000001087,P010,3000,0.00,1,EUR
P000001088,P010,7920,0.00,1,EUR
P000001089,P004,3001,0.00,1,EUR
P000001090,P006,3000,0.00,1,EUR
P000001091,P004,7920,0.00,1,EUR
P000001092,P002,3000,0.00,1,EUR
P000001093,P001,3000,0.00,1,EUR
P000001094,P006,3000,0.00,1,EUR
P000001095,P003,7921,0.00,1,EUR
P000001096,P005,3002,0.00,1,EUR
P000001097,P007,3002,0.00,1,EUR
P000001098,P005,7920,0.00,1,EUR
P000001099,P005,3000,0.00,1,EUR
P000001100,P002,3000,0.00,1,EUR
P000001101,P009,3000,0.00,1,EUR
P000001102,P003,3002,0.00,1,EUR
P000001103,P005,3000,0.00,1,EUR
P000001104,P002,3000,0.00,1,EUR
P000001105,P008,3000,0.00,1,EUR
P000001106,P009,3002,0.00,1,EUR
P000001107,P001,3000,0.00,1,EUR
P000001108,P006,7920,0.00,1,EUR
P000001109,P007,3001,0.00,1,EUR
P000001110,P004,7920,0.00,1,EUR
P000001111,P007,3001,0.00,1,EUR
P000001112,P004,3000,0.00,1,EUR
P000001113,P001,3001,0.00,1,EUR
P000001114,P005,3000,0.00,1,EUR
P000001115,P006,3002,0.00,1,EUR
P000001116,P010,3000,0.00,1,EUR
P000001117,P005,3000,0.00,1,EUR
P000001118,P004,3000,0.00,1,EUR
P000001119,P004,3000,0.00,1,EUR
P000001120,P008,3000,0.00,1,EUR
P000001121,P007,3002,0.00,1,EUR
P000001122,P010,3000,0.00,1,EUR
P000001123,P003,7921,0.00,1,EUR
P000001124,P004,3000,0.00,1,EUR
P000001125,P009,7921,0.00,1,EUR
P000001126,P004,7920,0.00,1,EUR
P000001127,P005,7921,0.00,1,EUR
P000001128,P001,3000,0.00,1,EUR
P000001129,P010,3000,0.00,1,EUR
P000001130,P001,3000,0.00,1,EUR
P000001131,P003,3000,0.00,1,EUR
P000001132,P010,3000,0.00,1,EUR
P000001133,P001,7920,0.00,1,EUR
P000001134,P004,3001,0.00,1,EUR
P000001135,P008,3001,0.00,1,EUR
P000001136,P008,7920,0.00,1,EUR
P000001137,P002,3001,0.00,1,EUR
P000001138,P006,7920,0.00,1,EUR
P000001139,P010,3000,0.00,1,EUR
P000001140,P009,3000,0.00,1,EUR
P000001141,P003,7920,0.00,1,EUR
P000001142,P006,3001,0.00,1,EUR
P000001143,P010,3000,0.00,1,EUR
P000001144,P006,3000,0.00,1,EUR
P000001145,P001,3000,0.00,1,EUR
P000001146,P005,3000,0.00,1,EUR
P000001147,P004,3000,0.00,1,EUR
P000001148,P008,3000,0.00,1,EUR
P000001149,P010,3000,0.00,1,EUR
P000001150,P004,3000,0.00,1,EUR
P000001151,P008,3001,0.00,1,EUR
P000001152,P008,7920,0.00,1,EUR
P000001153,P008,3002,0.00,1,EUR
P000001154,P008,3000,0.00,1,EUR
P000001155,P003,3002,0.00,1,EUR
P000001156,P003,3000,0.00,1,EUR
P000001157,P005,3000,0.00,1,EUR
P000001158,P001,3001,0.00,1,EUR
P000001159,P007,7920,0.00,1,EUR
P000001160,P010,3000,0.00,1,EUR
P000001161,P006,7920,0.00,1,EUR
P000001162,P003,7920,0.00,1,EUR
P000001163,P007,3001,0.00,1,EUR
P000001164,P002,3000,0.00,1,EUR
P000001165,P001,3000,0.00,1,EUR
P000001166,P007,3000,0.00,1,EUR
P000001167,P002,7920,0.00,1,EUR
P000001168,P003,3000,0.00,1,EUR
P000001169,P001,3002,0.00,1,EUR
P000001170,P007,3002,0.00,1,EUR
P000001171,P004,3000,0.00,1,EUR
P000001172,P004,7921,0.00,1,EUR
P000001173,P004,3000,0.00,1,EUR
P000001174,P001,3000,0.00,1,EUR
P000001175,P002,3002,0.00,1,EUR
P000001176,P007,7921,0.00,1,EUR
P000001177,P007,7921,0.00,1,EUR
P000001178,P001,3000,0.00,1,EUR
P000001179,P002,7920,0.00,1,EUR
P000001180,P008,7920,0.00,1,EUR
P000001181,P001,3000,0.00,1,EUR
P000001182,P010,3000,0.00,1,EUR
P000001183,P010,3000,0.00,1,EUR
P000001184,P002,3000,0.00,1,EUR
P000001185,P003,7921,0.00,1,EUR
P000001186,P008,3000,0.00,1,EUR
P000001187,P001,7920,0.00,1,EUR
P000001188,P005,3002,0.00,1,EUR
P000001189,P009,3000,0.00,1,EUR
P000001190,P007,7920,0.00,1,EUR
P000001191,P007,3000,0.00,1,EUR
P000001192,P009,3000,0.00,1,EUR
P000001193,P003,3001,0.00,1,EUR
P000001194,P001,7921,0.00,1,EUR
P000001195,P010,7920,0.00,1,EUR
P000001196,P003,3002,0.00,1,EUR
P000001197,P004,7921,0.00,1,EUR
P000001198,P001,3000,0.00,1,EUR
P000001199,P002,3000,0.00,1,EUR
P000001200,P001,3000,0.00,1,EUR
P000001201,P007,7921,0.00,1,EUR
P000001202,P001,7920,0.00,1,EUR
P000001203,P006,7920,0.00,1,EUR
P000001204,P001,3000,0.00,1,EUR
P000001205,P003,7921,0.00,1,EUR
P000001206,P009,3000,0.00,1,EUR
P000001207,P006,3001,0.00,1,EUR
P000001208,P006,3000,0.00,1,EUR
P000001209,P010,3002,0.00,1,EUR
P000001210,P008,3000,0.00,1,EUR
P000001211,P008,3002,0.00,1,EUR
P000001212,P010,3000,0.00,1,EUR
P000001213,P006,3002,0.00,1,EUR
P000001214,P003,7921,0.00,1,EUR
P000001215,P010,3001,0.00,1,EUR
P000001216,P009,3000,0.00,1,EUR
P000001217,P005,3001,0.00,1,EUR
P000001218,P008,3002,0.00,1,EUR
P000001219,P006,3000,0.00,1,EUR
P000001220,P001,3000,0.00,1,EUR
P000001221,P008,7921,0.00,1,EUR
P000001222,P006,7920,0.00,1,EUR
P000001223,P005,7920,0.00,1,EUR
P000001224,P003,7921,0.00,1,EUR
P000001225,P004,3000,0.00,1,EUR
P000001226,P005,7921,0.00,1,EUR
P000001227,P002,7920,0.00,1,EUR
P000001228,P002,7920,0.00,1,EUR
P000001229,P001,7921,0.00,1,EUR
P000001230,P008,7921,0.00,1,EUR
P000001231,P009,3000,0.00,1,EUR
P000001232,P007,7920,0.00,1,EUR
P000001233,P002,3000,0.00,1,EUR
P000001234,P010,3001,0.00,1,EUR
P000001235,P007,3000,0.00,1,EUR
P000001236,P002,7921,0.00,1,EUR
P000001237,P010,3001,0.00,1,EUR
P000001238,P008,7921,0.00,1,EUR
P000001239,P001,3000,0.00,1,EUR
P000001240,P007,3000,0.00,1,EUR
P000001241,P001,3000,0.00,1,EUR
P000001242,P009,3000,0.00,1,EUR
P000001243,P007,3000,0.00,1,EUR
P000001244,P009,7921,0.00,1,EUR
P000001245,P003,7921,0.00,1,EUR
P000001246,P006,3002,0.00,1,EUR
P000001247,P004,3001,0.00,1,EUR
P000001248,P006,3001,0.00,1,EUR
P000001249,P003,3000,0.00,1,EUR
P000001250,P003,3002,0.00,1,EUR
P000001251,P002,7920,0.00,1,EUR
P000001252,P002,7920,0.00,1,EUR
P000001253,P010,7921,0.00,1,EUR
P000001254,P001,3000,0.00,1,EUR
P000001255,P005,3001,0.00,1,EUR
P000001256,P002,3001,0.00,1,EUR
P000001257,P004,3000,0.00,1,EUR
P000001258,P009,3002,0.00,1,EUR
P000001259,P003,3000,0.00,1,EUR
P000001260,P008,7921,0.00,1,EUR
P000001261,P005,3000,0.00,1,EUR
P000001262,P007,3000,0.00,1,EUR
P000001263,P008,3000,0.00,1,EUR
P000001264,P004,3000,0.00,1,EUR
P000001265,P001,7920,0.00,1,EUR
P000001266,P003,7921,0.00,1,EUR
P000001267,P005,3000,0.00,1,EUR
P000001268,P003,3000,0.00,1,EUR
P000001269,P006,7920,0.00,1,EUR
P000001270,P009,3000,0.00,1,EUR
P000001271,P008,3000,0.00,1,EUR
P000001272,P003,3000,0.00,1,EUR
P000001273,P008,3002,0.00,1,EUR
P000001274,P001,3000,0.00,1,EUR
P000001275,P001,3000,0.00,1,EUR
P000001276,P010,7921,0.00,1,EUR
P000001277,P005,7920,0.00,1,EUR
P000001278,P001,7920,0.00,1,EUR
P000001279,P004,3000,0.00,1,EUR
P000001280,P003,7921,0.00,1,EUR
P000001281,P006,3002,0.00,1,EUR
P000001282,P007,3002,0.00,1,EUR
P000001283,P007,7921,0.00,1,EUR
P000001284,P009,3000,0.00,1,EUR
P000001285,P010,3000,0.00,1,EUR
P000001286,P007,3000,0.00,1,EUR
P000001287,P010,3000,0.00,1,EUR
P000001288,P008,3000,0.00,1,EUR
P000001289,P004,3000,0.00,1,EUR
P000001290,P003,3000,0.00,1,EUR
P000001291,P002,7921,0.00,1,EUR
P000001292,P005,3000,0.00,1,EUR
P000001293,P002,7921,0.00,1,EUR
P000001294,P009,7920,0.00,1,EUR
P000001295,P002,7920,0.00,1,EUR
P000001296,P004,7921,0.00,1,EUR
P000001297,P009,3000,0.00,1,EUR
P000001298,P002,3000,0.00,1,EUR
P000001299,P008,7920,0.00,1,EUR
P000001300,P006,3002,0.00,1,EUR
P000001301,P001,3001,0.00,1,EUR
P000001302,P009,7921,0.00,1,EUR
P000001303,P003,7920,0.00,1,EUR
P000001304,P005,3000,0.00,1,EUR
P000001305,P007,7921,0.00,1,EUR
P000001306,P003,3002,0.00,1,EUR
P000001307,P003,3001,0.00,1,EUR
P000001308,P010,3001,0.00,1,EUR
P000001309,P007,7921,0.00,1,EUR
P000001310,P008,3000,0.00,1,EUR
P000001311,P010,3002,0.00,1,EUR
P000001312,P005,7920,0.00,1,EUR
P000001313,P009,7920,0.00,1,EUR
P000001314,P002,7920,0.00,1,EUR
P000001315,P008,3000,0.00,1,EUR
P000001316,P002,3000,0.00,1,EUR
P000001317,P006,7920,0.00,1,EUR
P000001318,P007,3001,0.00,1,EUR
P000001319,P010,7921,0.00,1,EUR
P000001320,P001,3002,0.00,1,EUR
P000001321,P010,3001,0.00,1,EUR
P000001322,P010,3001,0.00,1,EUR
P000001323,P004,3002,0.00,1,EUR
P000001324,P005,3000,0.00,1,EUR
P000001325,P008,3002,0.00,1,EUR
P000001326,P007,3000,0.00,1,EUR
P000001327,P001,7920,0.00,1,EUR
P000001328,P008,3001,0.00,1,EUR
P000001329,P007,3001,0.00,1,EUR
P000001330,P003,7920,0.00,1,EUR
P000001331,P007,7920,0.00,1,EUR
P000001332,P010,3000,0.00,1,EUR
P000001333,P001,7921,0.00,1,EUR
P000001334,P001,7920,0.00,1,EUR
P000001335,P010,3000,0.00,1,EUR
P000001336,P004,3000,0.00,1,EUR
P000001337,P007,3002,0.00,1,EUR
P000001338,P002,3000,0.00,1,EUR
P000001339,P005,3002,0.00,1,EUR
P000001340,P008,3002,0.00,1,EUR
P000001341,P001,3000,0.00,1,EUR
P000001342,P007,3002,0.00,1,EUR
P000001343,P010,3001,0.00,1,EUR
P000001344,P005,7920,0.00,1,EUR
P000001345,P006,3000,0.00,1,EUR
P000001346,P008,3000,0.00,1,EUR
P000001347,P008,3000,0.00,1,EUR
P000001348,P002,3002,0.00,1,EUR
P000001349,P006,3000,0.00,1,EUR
P000001350,P010,7921,0.00,1,EUR
P000001351,P001,3001,0.00,1,EUR
P000001352,P001,3002,0.00,1,EUR
P000001353,P002,3000,0.00,1,EUR
P000001354,P010,3000,0.00,1,EUR
P000001355,P003,3000,0.00,1,EUR
P000001356,P009,7920,0.00,1,EUR
P000001357,P001,7920,0.00,1,EUR
P000001358,P001,7920,0.00,1,EUR
P000001359,P003,3000,0.00,1,EUR
P000001360,P001,3002,0.00,1,EUR
P000001361,P006,3000,0.00,1,EUR
P000001362,P009,3000,0.00,1,EUR
P000001363,P002,3002,0.00,1,EUR
P000001364,P010,3002,0.00,1,EUR
P000001365,P007,3001,0.00,1,EUR
P000001366,P006,3002,0.00,1,EUR
P000001367,P006,7920,0.00,1,EUR
P000001368,P001,3000,0.00,1,EUR
P000001369,P003,3000,0.00,1,EUR
P000001370,P005,3000,0.00,1,EUR
P000001371,P004,7920,0.00,1,EUR
P000001372,P008,3002,0.00,1,EUR
P000001373,P010,3000,0.00,1,EUR
P000001374,P006,3000,0.00,1,EUR
P000001375,P002,3000,0.00,1,EUR
P000001376,P010,7920,0.00,1,EUR
P000001377,P001,3000,0.00,1,EUR
P000001378,P004,3000,0.00,1,EUR
P000001379,P007,3000,0.00,1,EUR
P000001380,P007,3000,0.00,1,EUR
P000001381,P007,7920,0.00,1,EUR
P000001382,P008,3000,0.00,1,EUR
P000001383,P002,3000,0.00,1,EUR
P000001384,P001,3000,0.00,1,EUR
P000001385,P002,3000,0.00,1,EUR
P000001386,P007,3000,0.00,1,EUR
P000001387,P005,3000,0.00,1,EUR
P000001388,P010,7921,0.00,1,EUR
P000001389,P010,3000,0.00,1,EUR
P000001390,P001,3002,0.00,1,EUR
P000001391,P004,3002,0.00,1,EUR
P000001392,P002,3000,0.00,1,EUR
P000001393,P006,3000,0.00,1,EUR
P000001394,P002,3000,0.00,1,EUR
P000001395,P003,3002,0.00,1,EUR
P000001396,P003,3002,0.00,1,EUR
P000001397,P006,3001,0.00,1,EUR
P000001398,P001,7921,0.00,1,EUR
P000001399,P001,7921,0.00,1,EUR
P000001400,P006,3000,0.00,1,EUR
P000001401,P002,3000,0.00,1,EUR
P000001402,P001,7921,0.00,1,EUR
P000001403,P002,3000,0.00,1,EUR
P000001404,P004,7921,0.00,1,EUR
P000001405,P010,3000,0.00,1,EUR
P000001406,P001,3001,0.00,1,EUR
P000001407,P003,3002,0.00,1,EUR
P000001408,P001,3000,0.00,1,EUR
P000001409,P007,3000,0.00,1,EUR
P000001410,P001,3000,0.00,1,EUR
P000001411,P010,3000,0.00,1,EUR
P000001412,P001,7921,0.00,1,EUR
P000001413,P003,3000,0.00,1,EUR
P000001414,P005,3000,0.00,1,EUR
P000001415,P003,3002,0.00,1,EUR
P000001416,P008,3000,0.00,1,EUR
P000001417,P005,3000,0.00,1,EUR
P000001418,P005,3000,0.00,1,EUR
P000001419,P005,3001,0.00,1,EUR
P000001420,P004,3002,0.00,1,EUR
P000001421,P009,3002,0.00,1,EUR
P000001422,P006,3001,0.00,1,EUR
P000001423,P005,3000,0.00,1,EUR
P000001424,P010,3000,0.00,1,EUR
P000001425,P010,3000,0.00,1,EUR
P000001426,P010,7920,0.00,1,EUR
P000001427,P005,3000,0.00,1,EUR
P000001428,P010,3000,0.00,1,EUR
P000001429,P010,3000,0.00,1,EUR
P000001430,P005,3002,0.00,1,EUR
P000001431,P006,3000,0.00,1,EUR
P000001432,P004,7921,0.00,1,EUR
P000001433,P009,3000,0.00,1,EUR
P000001434,P007,3000,0.00,1,EUR
P000001435,P005,7920,0.00,1,EUR
P000001436,P001,7920,0.00,1,EUR
P000001437,P001,7921,0.00,1,EUR
P000001438,P007,7921,0.00,1,EUR
P000001439,P008,3000,0.00,1,EUR
P000001440,P005,3000,0.00,1,EUR
P000001441,P001,3000,0.00,1,EUR
P000001442,P009,3000,0.00,1,EUR
P000001443,P006,7920,0.00,1,EUR
P000001444,P004,3000,0.00,1,EUR
P000001445,P010,3000,0.00,1,EUR
P000001446,P009,3000,0.00,1,EUR
P000001447,P009,3000,0.00,1,EUR
P000001448,P001,3000,0.00,1,EUR
P000001449,P003,7921,0.00,1,EUR
P000001450,P005,3001,0.00,1,EUR
P000001451,P004,3000,0.00,1,EUR
P000001452,P010,3000,0.00,1,EUR
P000001453,P001,3002,0.00,1,EUR
P000001454,P005,7921,0.00,1,EUR
P000001455,P007,3000,0.00,1,EUR
P000001456,P001,7921,0.00,1,EUR
P000001457,P003,3000,0.00,1,EUR
P000001458,P001,3000,0.00,1,EUR
P000001459,P004,7920,0.00,1,EUR
P000001460,P007,7921,0.00,1,EUR
P000001461,P001,7921,0.00,1,EUR
P000001462,P001,3000,0.00,1,EUR
P000001463,P001,3000,0.00,1,EUR
P000001464,P009,3002,0.00,1,EUR
P000001465,P007,3000,0.00,1,EUR
P000001466,P009,3001,0.00,1,EUR
P000001467,P001,7920,0.00,1,EUR
P000001468,P007,3001,0.00,1,EUR
P000001469,P001,7921,0.00,1,EUR
P000001470,P004,3000,0.00,1,EUR
P000001471,P008,3000,0.00,1,EUR
P000001472,P008,7920,0.00,1,EUR
P000001473,P001,7921,0.00,1,EUR
P000001474,P003,3000,0.00,1,EUR
P000001475,P007,3002,0.00,1,EUR
P000001476,P001,3000,0.00,1,EUR
P000001477,P008,3000,0.00,1,EUR
P000001478,P009,3001,0.00,1,EUR
P000001479,P003,3000,0.00,1,EUR
P000001480,P007,3002,0.00,1,EUR
P000001481,P007,3000,0.00,1,EUR
P000001482,P004,3001,0.00,1,EUR
P000001483,P009,3002,0.00,1,EUR
P000001484,P010,3000,0.00,1,EUR
P000001485,P004,3000,0.00,1,EUR
P000001486,P008,7921,0.00,1,EUR
P000001487,P003,3002,0.00,1,EUR
P000001488,P002,3002,0.00,1,EUR
P000001489,P010,3000,0.00,1,EUR
P000001490,P001,7920,0.00,1,EUR
P000001491,P007,7920,0.00,1,EUR
P000001492,P001,3002,0.00,1,EUR
P000001493,P001,3000,0.00,1,EUR
P000001494,P003,3000,0.00,1,EUR
P000001495,P009,3002,0.00,1,EUR
P000001496,P001,3001,0.00,1,EUR
P000001497,P005,3000,0.00,1,EUR
P000001498,P003,3000,0.00,1,EUR
P000001499,P007,3001,0.00,1,EUR
P000001500,P007,3000,0.00,1,EUR
P000001501,P004,3000,0.00,1,EUR
P000001502,P001,3000,0.00,1,EUR
P000001503,P001,3002,0.00,1,EUR
P000001504,P001,3000,0.00,1,EUR
P000001505,P004,7921,0.00,1,EUR
P000001506,P006,3000,0.00,1,EUR
P000001507,P002,3000,0.00,1,EUR
P000001508,P003,7920,0.00,1,EUR
P000001509,P004,3000,0.00,1,EUR
P000001510,P002,3000,0.00,1,EUR
P000001511,P008,3000,0.00,1,EUR
P000001512,P002,7921,0.00,1,EUR
P000001513,P001,3000,0.00,1,EUR
P000001514,P001,3000,0.00,1,EUR
P000001515,P002,3000,0.00,1,EUR
P000001516,P007,3000,0.00,1,EUR
P000001517,P005,3002,0.00,1,EUR
P000001518,P005,3000,0.00,1,EUR
P000001519,P003,3002,0.00,1,EUR
P000001520,P004,3000,0.00,1,EUR
P000001521,P010,3000,0.00,1,EUR
P000001522,P001,7920,0.00,1,EUR
P000001523,P007,3000,0.00,1,EUR
P000001524,P010,3002,0.00,1,EUR
P000001525,P008,3002,0.00,1,EUR
P000001526,P009,3000,0.00,1,EUR
P000001527,P007,3002,0.00,1,EUR
P000001528,P008,7921,0.00,1,EUR
P000001529,P005,3001,0.00,1,EUR
P000001530,P010,3001,0.00,1,EUR
P000001531,P001,7920,0.00,1,EUR
P000001532,P009,3001,0.00,1,EUR
P000001533,P002,3000,0.00,1,EUR
P000001534,P010,3002,0.00,1,EUR
P000001535,P008,7921,0.00,1,EUR
P000001536,P010,3002,0.00,1,EUR
P000001537,P005,3000,0.00,1,EUR
P000001538,P003,3000,0.00,1,EUR
P000001539,P001,3000,0.00,1,EUR
P000001540,P003,3000,0.00,1,EUR
P000001541,P005,3000,0.00,1,EUR
P000001542,P004,3000,0.00,1,EUR
P000001543,P001,3000,0.00,1,EUR
P000001544,P004,7920,0.00,1,EUR
P000001545,P008,7921,0.00,1,EUR
P000001546,P001,3000,0.00,1,EUR
P000001547,P001,3000,0.00,1,EUR
P000001548,P007,7920,0.00,1,EUR
P000001549,P003,3000,0.00,1,EUR
P000001550,P010,3000,0.00,1,EUR
P000001551,P001,7920,0.00,1,EUR
P000001552,P002,7921,0.00,1,EUR
P000001553,P005,7920,0.00,1,EUR
P000001554,P004,3000,0.00,1,EUR
P000001555,P002,3000,0.00,1,EUR
P000001556,P001,7921,0.00,1,EUR
P000001557,P003,3002,0.00,1,EUR
P000001558,P010,7920,0.00,1,EUR
P000001559,P002,3000,0.00,1,EUR
P000001560,P005,7920,0.00,1,EUR
P000001561,P002,3000,0.00,1,EUR
P000001562,P005,3000,0.00,1,EUR
P000001563,P006,3002,0.00,1,EUR
P000001564,P001,3001,0.00,1,EUR
P000001565,P001,7920,0.00,1,EUR
P000001566,P008,3000,0.00,1,EUR
P000001567,P009,3000,0.00,1,EUR
P000001568,P009,3000,0.00,1,EUR
P000001569,P007,3000,0.00,1,EUR
P000001570,P003,3000,0.00,1,EUR
P000001571,P008,7920,0.00,1,EUR
P000001572,P010,7920,0.00,1,EUR
P000001573,P001,3000,0.00,1,EUR
P000001574,P006,7920,0.00,1,EUR
P000001575,P003,3000,0.00,1,EUR
P000001576,P008,7921,0.00,1,EUR
P000001577,P005,3000,0.00,1,EUR
P000001578,P001,3000,0.00,1,EUR
P000001579,P003,3000,0.00,1,EUR
P000001580,P005,7921,0.00,1,EUR
P000001581,P006,3002,0.00,1,EUR
P000001582,P008,3000,0.00,1,EUR
P000001583,P001,7920,0.00,1,EUR
P000001584,P005,7920,0.00,1,EUR
P000001585,P008,3001,0.00,1,EUR
P000001586,P002,3000,0.00,1,EUR
P000001587,P001,3000,0.00,1,EUR
P000001588,P001,7920,0.00,1,EUR
P000001589,P001,3000,0.00,1,EUR
P000001590,P007,7920,0.00,1,EUR
P000001591,P003,3000,0.00,1,EUR
P000001592,P002,7921,0.00,1,EUR
P000001593,P001,3002,0.00,1,EUR
P000001594,P008,3001,0.00,1,EUR
P000001595,P005,3001,0.00,1,EUR
P000001596,P008,3002,0.00,1,EUR
P000001597,P006,3001,0.00,1,EUR
P000001598,P008,3002,0.00,1,EUR
P000001599,P010,3000,0.00,1,EUR
P000001600,P008,7920,0.00,1,EUR
P000001601,P007,3002,0.00,1,EUR
P000001602,P003,3002,0.00,1,EUR
P000001603,P005,3002,0.00,1,EUR
P000001604,P001,3002,0.00,1,EUR
P000001605,P010,3001,0.00,1,EUR
P000001606,P009,3001,0.00,1,EUR
P000001607,P002,7921,0.00,1,EUR
P000001608,P010,3002,0.00,1,EUR
P000001609,P001,7921,0.00,1,EUR
P000001610,P003,3000,0.00,1,EUR
P000001611,P008,3000,0.00,1,EUR
P000001612,P004,3000,0.00,1,EUR
P000001613,P005,3002,0.00,1,EUR
P000001614,P009,3002,0.00,1,EUR
P000001615,P009,3000,0.00,1,EUR
P000001616,P003,3000,0.00,1,EUR
P000001617,P003,3000,0.00,1,EUR
P000001618,P005,3000,0.00,1,EUR
P000001619,P010,7921,0.00,1,EUR
P000001620,P002,3000,0.00,1,EUR
P000001621,P006,3002,0.00,1,EUR
P000001622,P006,3000,0.00,1,EUR
P000001623,P006,3000,0.00,1,EUR
P000001624,P001,7920,0.00,1,EUR
P000001625,P009,3001,0.00,1,EUR
P000001626,P004,3000,0.00,1,EUR
P000001627,P009,3000,0.00,1,EUR
P000001628,P006,7920,0.00,1,EUR
P000001629,P009,7921,0.00,1,EUR
P000001630,P008,3000,0.00,1,EUR
P000001631,P003,3000,0.00,1,EUR
P000001632,P003,7920,0.00,1,EUR
P000001633,P009,3000,0.00,1,EUR
P000001634,P005,7921,0.00,1,EUR
P000001635,P007,3001,0.00,1,EUR
P000001636,P001,3000,0.00,1,EUR
P000001637,P007,3000,0.00,1,EUR
P000001638,P004,3000,0.00,1,EUR
P000001639,P005,3001,0.00,1,EUR
P000001640,P002,7920,0.00,1,EUR
P000001641,P004,3000,0.00,1,EUR
P000001642,P004,3000,0.00,1,EUR
P000001643,P008,7921,0.00,1,EUR
P000001644,P002,3000,0.00,1,EUR
P000001645,P008,7920,0.00,1,EUR
P000001646,P003,3000,0.00,1,EUR
P000001647,P006,3002,0.00,1,EUR
P000001648,P001,3001,0.00,1,EUR
P000001649,P005,3000,0.00,1,EUR
P000001650,P005,3002,0.00,1,EUR
P000001651,P001,3000,0.00,1,EUR
P000001652,P005,3000,0.00,1,EUR
P000001653,P006,3000,0.00,1,EUR
P000001654,P004,3000,0.00,1,EUR
P000001655,P008,3000,0.00,1,EUR
P000001656,P009,3000,0.00,1,EUR
P000001657,P003,3002,0.00,1,EUR
P000001658,P007,3002,0.00,1,EUR
P000001659,P006,3000,0.00,1,EUR
P000001660,P010,7920,0.00,1,EUR
P000001661,P004,7920,0.00,1,EUR
P000001662,P010,7921,0.00,1,EUR
P000001663,P005,3000,0.00,1,EUR
P000001664,P004,3001,0.00,1,EUR
P000001665,P003,3002,0.00,1,EUR
P000001666,P009,3000,0.00,1,EUR
P000001667,P008,3000,0.00,1,EUR
P000001668,P010,3001,0.00,1,EUR
P000001669,P005,3000,0.00,1,EUR
P000001670,P008,3000,0.00,1,EUR
P000001671,P003,3000,0.00,1,EUR
P000001672,P006,3000,0.00,1,EUR
P000001673,P010,7920,0.00,1,EUR
P000001674,P001,7920,0.00,1,EUR
P000001675,P004,3000,0.00,1,EUR
P000001676,P002,3000,0.00,1,EUR
P000001677,P003,3000,0.00,1,EUR
P000001678,P002,3000,0.00,1,EUR
P000001679,P007,3002,0.00,1,EUR
P000001680,P001,3000,0.00,1,EUR
P000001681,P001,3000,0.00,1,EUR
P000001682,P002,3002,0.00,1,EUR
P000001683,P010,7921,0.00,1,EUR
P000001684,P001,7921,0.00,1,EUR
P000001685,P008,7921,0.00,1,EUR
P000001686,P005,3000,0.00,1,EUR
P000001687,P008,3002,0.00,1,EUR
P000001688,P009,3000,0.00,1,EUR
P000001689,P001,3001,0.00,1,EUR
P000001690,P003,3001,0.00,1,EUR
P000001691,P003,3002,0.00,1,EUR
P000001692,P009,3000,0.00,1,EUR
P000001693,P001,3002,0.00,1,EUR
P000001694,P003,3000,0.00,1,EUR
P000001695,P010,3000,0.00,1,EUR
P000001696,P006,3000,0.00,1,EUR
P000001697,P003,3000,0.00,1,EUR
P000001698,P006,3000,0.00,1,EUR
P000001699,P002,7921,0.00,1,EUR
P000001700,P009,7921,0.00,1,EUR
P000001701,P009,3000,0.00,1,EUR
P000001702,P009,3002,0.00,1,EUR
P000001703,P004,7921,0.00,1,EUR
P000001704,P006,3000,0.00,1,EUR
P000001705,P009,3000,0.00,1,EUR
P000001706,P003,3002,0.00,1,EUR
P000001707,P008,7921,0.00,1,EUR
P000001708,P001,3000,0.00,1,EUR
P000001709,P005,3001,0.00,1,EUR
P000001710,P001,3001,0.00,1,EUR
P000001711,P001,3000,0.00,1,EUR
P000001712,P004,3000,0.00,1,EUR
P000001713,P006,3000,0.00,1,EUR
P000001714,P001,3000,0.00,1,EUR
P000001715,P007,3000,0.00,1,EUR
P000001716,P004,3000,0.00,1,EUR
P000001717,P001,3002,0.00,1,EUR
P000001718,P001,3001,0.00,1,EUR
P000001719,P010,3000,0.00,1,EUR
P000001720,P007,3000,0.00,1,EUR
P000001721,P004,7921,0.00,1,EUR
P000001722,P008,7921,0.00,1,EUR
P000001723,P002,3001,0.00,1,EUR
P000001724,P006,3000,0.00,1,EUR
P000001725,P001,7920,0.00,1,EUR
P000001726,P010,7920,0.00,1,EUR
P000001727,P007,3000,0.00,1,EUR
P000001728,P009,3000,0.00,1,EUR
P000001729,P010,7920,0.00,1,EUR
P000001730,P004,7920,0.00,1,EUR
P000001731,P007,3002,0.00,1,EUR
P000001732,P010,3000,0.00,1,EUR
P000001733,P006,3000,0.00,1,EUR
P000001734,P001,3001,0.00,1,EUR
P000001735,P004,3000,0.00,1,EUR
P000001736,P004,3002,0.00,1,EUR
P000001737,P007,7920,0.00,1,EUR
P000001738,P010,7921,0.00,1,EUR
P000001739,P004,7920,0.00,1,EUR
P000001740,P006,3002,0.00,1,EUR
P000001741,P008,3000,0.00,1,EUR
P000001742,P005,3000,0.00,1,EUR
P000001743,P006,3001,0.00,1,EUR
P000001744,P001,3000,0.00,1,EUR
P000001745,P010,3000,0.00,1,EUR
P000001746,P009,3000,0.00,1,EUR
P000001747,P009,3000,0.00,1,EUR
P000001748,P001,3001,0.00,1,EUR
P000001749,P010,3000,0.00,1,EUR
P000001750,P004,3000,0.00,1,EUR
P000001751,P001,7920,0.00,1,EUR
P000001752,P008,3002,0.00,1,EUR
P000001753,P001,3001,0.00,1,EUR
P000001754,P010,3001,0.00,1,EUR
P000001755,P008,3000,0.00,1,EUR
P000001756,P007,7921,0.00,1,EUR
P000001757,P005,7920,0.00,1,EUR
P000001758,P004,3000,0.00,1,EUR
P000001759,P003,3000,0.00,1,EUR
P000001760,P009,7921,0.00,1,EUR
P000001761,P010,3000,0.00,1,EUR
P000001762,P010,3002,0.00,1,EUR
P000001763,P002,7921,0.00,1,EUR
P000001764,P004,3000,0.00,1,EUR
P000001765,P001,7921,0.00,1,EUR
P000001766,P009,3000,0.00,1,EUR
P000001767,P003,7920,0.00,1,EUR
P000001768,P001,3001,0.00,1,EUR
P000001769,P005,3000,0.00,1,EUR
P000001770,P008,3000,0.00,1,EUR
P000001771,P008,7920,0.00,1,EUR
P000001772,P010,3000,0.00,1,EUR
P000001773,P004,3000,0.00,1,EUR
P000001774,P002,3000,0.00,1,EUR
P000001775,P009,3000,0.00,1,EUR
P000001776,P008,3000,0.00,1,EUR
P000001777,P010,3000,0.00,1,EUR
P000001778,P006,3002,0.00,1,EUR
P000001779,P005,7921,0.00,1,EUR
P000001780,P004,3000,0.00,1,EUR
P000001781,P009,7921,0.00,1,EUR
P000001782,P003,3002,0.00,1,EUR
P000001783,P007,7921,0.00,1,EUR
P000001784,P010,7920,0.00,1,EUR
P000001785,P002,3000,0.00,1,EUR
P000001786,P003,7920,0.00,1,EUR
P000001787,P002,3000,0.00,1,EUR
P000001788,P003,7921,0.00,1,EUR
P000001789,P001,3000,0.00,1,EUR
P000001790,P002,7921,0.00,1,EUR
P000001791,P006,3000,0.00,1,EUR
P000001792,P008,7921,0.00,1,EUR
P000001793,P001,3000,0.00,1,EUR
P000001794,P002,3000,0.00,1,EUR
P000001795,P006,3000,0.00,1,EUR
P000001796,P009,7921,0.00,1,EUR
P000001797,P006,3001,0.00,1,EUR
P000001798,P001,7921,0.00,1,EUR
P000001799,P001,3002,0.00,1,EUR
P000001800,P005,3000,0.00,1,EUR
P000001801,P001,3000,0.00,1,EUR
P000001802,P006,7920,0.00,1,EUR
P000001803,P010,3000,0.00,1,EUR
P000001804,P001,3000,0.00,1,EUR
P000001805,P009,3000,0.00,1,EUR
P000001806,P009,7920,0.00,1,EUR
P000001807,P004,3002,0.00,1,EUR
P000001808,P010,3000,0.00,1,EUR
P000001809,P005,3000,0.00,1,EUR
P000001810,P001,3002,0.00,1,EUR
P000001811,P007,3000,0.00,1,EUR
P000001812,P008,3000,0.00,1,EUR
P000001813,P003,3002,0.00,1,EUR
P000001814,P004,7920,0.00,1,EUR
P000001815,P010,3000,0.00,1,EUR
P000001816,P003,3000,0.00,1,EUR
P000001817,P010,3001,0.00,1,EUR
P000001818,P010,3001,0.00,1,EUR
P000001819,P003,3000,0.00,1,EUR
P000001820,P005,7921,0.00,1,EUR
P000001821,P001,3000,0.00,1,EUR
P000001822,P001,3000,0.00,1,EUR
P000001823,P007,3000,0.00,1,EUR
P000001824,P009,7920,0.00,1,EUR
P000001825,P009,3001,0.00,1,EUR
P000001826,P003,3000,0.00,1,EUR
P000001827,P010,7920,0.00,1,EUR
P000001828,P010,7920,0.00,1,EUR
P000001829,P001,3000,0.00,1,EUR
P000001830,P008,3001,0.00,1,EUR
P000001831,P007,3000,0.00,1,EUR
P000001832,P006,3002,0.00,1,EUR
P000001833,P006,3000,0.00,1,EUR
P000001834,P006,3000,0.00,1,EUR
P000001835,P007,3000,0.00,1,EUR
P000001836,P006,3000,0.00,1,EUR
P000001837,P010,3000,0.00,1,EUR
P000001838,P002,3001,0.00,1,EUR
P000001839,P004,3002,0.00,1,EUR
P000001840,P003,7921,0.00,1,EUR
P000001841,P005,3000,0.00,1,EUR
P000001842,P002,3000,0.00,1,EUR
P000001843,P001,3000,0.00,1,EUR
P000001844,P007,7920,0.00,1,EUR
P000001845,P007,3000,0.00,1,EUR
P000001846,P008,7920,0.00,1,EUR
P000001847,P008,7920,0.00,1,EUR
P000001848,P010,3000,0.00,1,EUR
P000001849,P006,3000,0.00,1,EUR
P000001850,P008,3000,0.00,1,EUR
P000001851,P005,3000,0.00,1,EUR
P000001852,P005,3000,0.00,1,EUR
P000001853,P007,3000,0.00,1,EUR
P000001854,P009,3000,0.00,1,EUR
P000001855,P008,7920,0.00,1,EUR
P000001856,P002,7921,0.00,1,EUR
P000001857,P007,3002,0.00,1,EUR
P000001858,P001,3000,0.00,1,EUR
P000001859,P006,3000,0.00,1,EUR
P000001860,P010,3002,0.00,1,EUR
P000001861,P005,3000,0.00,1,EUR
P000001862,P005,3000,0.00,1,EUR
P000001863,P008,3002,0.00,1,EUR
P000001864,P006,3000,0.00,1,EUR
P000001865,P002,7921,0.00,1,EUR
P000001866,P010,3001,0.00,1,EUR
P000001867,P004,3000,0.00,1,EUR
P000001868,P007,7921,0.00,1,EUR
P000001869,P009,7920,0.00,1,EUR
P000001870,P006,3000,0.00,1,EUR
P000001871,P007,3000,0.00,1,EUR
P000001872,P008,3002,0.00,1,EUR
P000001873,P009,3000,0.00,1,EUR
P000001874,P005,3000,0.00,1,EUR
P000001875,P001,3000,0.00,1,EUR
P000001876,P006,7920,0.00,1,EUR
P000001877,P008,3000,0.00,1,EUR
P000001878,P006,3000,0.00,1,EUR
P000001879,P010,3000,0.00,1,EUR
P000001880,P008,3000,0.00,1,EUR
P000001881,P007,3000,0.00,1,EUR
P000001882,P003,3000,0.00,1,EUR
P000001883,P004,3001,0.00,1,EUR
P000001884,P002,7921,0.00,1,EUR
P000001885,P002,3001,0.00,1,EUR
P000001886,P009,3000,0.00,1,EUR
P000001887,P006,3001,0.00,1,EUR
P000001888,P001,3000,0.00,1,EUR
P000001889,P009,3000,0.00,1,EUR
P000001890,P004,7920,0.00,1,EUR
P000001891,P004,7920,0.00,1,EUR
P000001892,P007,3000,0.00,1,EUR
P000001893,P002,7920,0.00,1,EUR
P000001894,P002,3000,0.00,1,EUR
P000001895,P008,7920,0.00,1,EUR
P000001896,P006,3001,0.00,1,EUR
P000001897,P002,3000,0.00,1,EUR
P000001898,P003,3000,0.00,1,EUR
P000001899,P004,7920,0.00,1,EUR
P000001900,P001,3002,0.00,1,EUR
P000001901,P004,3000,0.00,1,EUR
P000001902,P005,7921,0.00,1,EUR
P000001903,P001,3000,0.00,1,EUR
P000001904,P001,7920,0.00,1,EUR
P000001905,P010,3001,0.00,1,EUR
P000001906,P006,3000,0.00,1,EUR
P000001907,P009,7921,0.00,1,EUR
P000001908,P006,3000,0.00,1,EUR
P000001909,P003,3001,0.00,1,EUR
P000001910,P006,3001,0.00,1,EUR
P000001911,P001,3002,0.00,1,EUR
P000001912,P010,3000,0.00,1,EUR
P000001913,P009,3000,0.00,1,EUR
P000001914,P005,3000,0.00,1,EUR
P000001915,P010,7921,0.00,1,EUR
P000001916,P006,3000,0.00,1,EUR
P000001917,P003,3001,0.00,1,EUR
P000001918,P007,3002,0.00,1,EUR
P000001919,P001,7921,0.00,1,EUR
P000001920,P009,3000,0.00,1,EUR
P000001921,P006,3000,0.00,1,EUR
P000001922,P001,3001,0.00,1,EUR
P000001923,P002,3000,0.00,1,EUR
P000001924,P004,3000,0.00,1,EUR
P000001925,P001,3000,0.00,1,EUR
P000001926,P008,3002,0.00,1,EUR
P000001927,P008,3000,0.00,1,EUR
P000001928,P009,3000,0.00,1,EUR
P000001929,P006,3000,0.00,1,EUR
P000001930,P007,7920,0.00,1,EUR
P000001931,P008,3002,0.00,1,EUR
P000001932,P010,3002,0.00,1,EUR
P000001933,P007,7921,0.00,1,EUR
P000001934,P007,7921,0.00,1,EUR
P000001935,P007,3002,0.00,1,EUR
P000001936,P001,7920,0.00,1,EUR
P000001937,P009,3000,0.00,1,EUR
P000001938,P005,3000,0.00,1,EUR
P000001939,P002,7921,0.00,1,EUR
P000001940,P010,3000,0.00,1,EUR
P000001941,P003,3000,0.00,1,EUR
P000001942,P004,3000,0.00,1,EUR
P000001943,P009,3000,0.00,1,EUR
P000001944,P005,7920,0.00,1,EUR
P000001945,P008,3002,0.00,1,EUR
P000001946,P007,7921,0.00,1,EUR
P000001947,P006,3002,0.00,1,EUR
P000001948,P008,7921,0.00,1,EUR
P000001949,P009,3000,0.00,1,EUR
P000001950,P010,3002,0.00,1,EUR
P000001951,P007,7921,0.00,1,EUR
P000001952,P003,3000,0.00,1,EUR
P000001953,P009,3002,0.00,1,EUR
P000001954,P005,3001,0.00,1,EUR
P000001955,P007,7920,0.00,1,EUR
P000001956,P001,7920,0.00,1,EUR
P000001957,P005,3000,0.00,1,EUR
P000001958,P002,3000,0.00,1,EUR
P000001959,P006,3002,0.00,1,EUR
P000001960,P006,3000,0.00,1,EUR
P000001961,P008,3002,0.00,1,EUR
P000001962,P006,7921,0.00,1,EUR
P000001963,P010,7920,0.00,1,EUR
P000001964,P002,3000,0.00,1,EUR
P000001965,P002,3000,0.00,1,EUR
P000001966,P005,3000,0.00,1,EUR
P000001967,P007,3000,0.00,1,EUR
P000001968,P003,3000,0.00,1,EUR
P000001969,P002,3002,0.00,1,EUR
P000001970,P009,7920,0.00,1,EUR
P000001971,P010,3000,0.00,1,EUR
P000001972,P002,3001,0.00,1,EUR
P000001973,P001,3001,0.00,1,EUR
P000001974,P009,7921,0.00,1,EUR
P000001975,P006,3000,0.00,1,EUR
P000001976,P004,3001,0.00,1,EUR
P000001977,P007,3000,0.00,1,EUR
P000001978,P010,3002,0.00,1,EUR
P000001979,P009,7920,0.00,1,EUR
P000001980,P007,7920,0.00,1,EUR
P000001981,P002,7920,0.00,1,EUR
P000001982,P001,3000,0.00,1,EUR
P000001983,P007,7921,0.00,1,EUR
P000001984,P004,3001,0.00,1,EUR
P000001985,P009,3001,0.00,1,EUR
P000001986,P004,3000,0.00,1,EUR
P000001987,P002,7920,0.00,1,EUR
P000001988,P002,3000,0.00,1,EUR
P000001989,P004,7920,0.00,1,EUR
P000001990,P001,3000,0.00,1,EUR
P000001991,P005,3002,0.00,1,EUR
